state,id,owner,status,country,population,infra,category,unadjusted_slots,mil,doc,civ,oil,alum,rub,tung,steel,chrom,air_base,nav_base,start_oil,start_alum,start_rub,start_tung,start_steel,start_chrom
Herat,415,AFG,Core,Afghanistan,1634853,2,rural,2,,,,,,,,,,,,,,,,,
Kabul,267,AFG,Core,Afghanistan,4642801,2,town,4,1,,2,,,,3,,,,,,,,3.6,,
Albania,44,ALB,Core,Albania,741704,3,town,4,1,,2,,2,,,,2,3,4,,2.6,,,,2.6
NorthernEpirus,805,ALB,Core,Albania,262520,2,pastoral,1,,,,,,,,,,,,,,,,,
ChacoAustral,509,ARG,Core,Argentina,705101,3,town,4,,,1,,,,35,6,,,,,,,45.5,7.8,
Mendoza,511,ARG,Core,Argentina,1091605,3,rural,2,,,1,,,,,,,1,,,,,,,
Mesopotamia,510,ARG,Core,Argentina,3501438,5,large_town,5,1,,4,8,,,,,,1,,12,,,,,
Pampas,278,ARG,Core,Argentina,5603198,6,large_city,8,2,1,5,,,,,,,4,10,,,,,,
Patagonia,512,ARG,Core,Argentina,226915,3,rural,2,,,,5,,,,,,,1,6.5,,,,,
Tucuman,508,ARG,Core,Argentina,782265,3,rural,2,,,1,,,,,,,,,,,,,,
Bismarck,737,AST,Occupied,Australia,346062,2,rural,2,,,,,,,,,,1,7,,,,,,
CentralAustralia,674,AST,Core,Australia,30037,1,wasteland,0,,,,,,,,,,,,,,,,,
NewSouthWales,285,AST,Core,Australia,2566229,6,large_city,8,2,2,4,,,,,,,5,6,,,,,,
NorthernTerritory,520,AST,Core,Australia,13016,3,wasteland,0,,,,,,,,22,,1,1,,,,,28.6,
Papua,523,AST,Occupied,Australia,1078315,2,rural,2,,,,,,,,,,3,7,,,,,,
Queensland,521,AST,Core,Australia,917919,5,town,4,,,1,,,,24,,,1,3,,,,36,,
SolomonIslands,634,AST,Occupied,Australia,150183,2,small_island,1,,,,,,,,,,,4,,,,,,
SouthAustralia,519,AST,Core,Australia,201045,2,pastoral,1,,,,,,,,,,,,,,,,,
Tasmania,518,AST,Core,Australia,224273,5,small_island,1,,,,,,,,,,,2,,,,,,
Victoria,517,AST,Core,Australia,2222209,6,large_city,8,2,,5,,,,,8,4,3,6,,,,,12.8,6.4
WesternAustralia,522,AST,Core,Australia,367648,5,rural,2,,,1,,,,,,,1,1,,,,,,
LowerAustria,4,AUS,Core,Austria,2599152,7,large_city,8,3,,5,1,,,,,,6,,1.7,,,,,
Tyrol,153,AUS,Core,Austria,1657361,5,town,4,,,1,,,,,,,3,,,,,,,
UpperAustria,152,AUS,Core,Austria,2278155,6,city,6,,,3,,1,,,5,,,,,1.6,,,8,
Burundi,769,BEL,Occupied,Belgium,2148350,2,pastoral,1,,,,,,,,,,,,,,,,,
CentralCongo,538,BEL,Occupied,Belgium,1696042,1,wasteland,0,,,,,,5,,,,,,,,5.5,,,
Leopoldville,295,BEL,Occupied,Belgium,3545270,3,rural,2,,,1,,,,2,,,,1,,,,2.6,,
Rwanda,768,BEL,Occupied,Belgium,1718659,2,pastoral,1,,,,,,,,,,,,,,,,,
Stanleyville,718,BEL,Occupied,Belgium,2369672,2,pastoral,1,,,,,,5,,,,,,,,6,,,
Vlaanderen,6,BEL,Core,Belgium,4753496,9,metropolis,10,5,,7,,,,,25,,3,11,,,,,47.5,
Wallonie,34,BEL,Core,Belgium,3385428,6,large_city,8,1,,4,,,,,,,1,,,,,,,
Bhutan,324,BHU,Core,Bhutan,450549,1,town,4,1,,2,,,,2,,,,,,,,2.2,,
LaPaz,302,BOL,Core,Bolivia,2046996,3,city,6,1,,5,,,,60,2,,2,,,,,78,2.6,
SantaCruz,487,BOL,Core,Bolivia,334908,1,pastoral,1,,,1,,,,,,,,,,,,,,
Amazonas,495,BRA,Core,Brazil,981096,0,pastoral,1,,,,,4,,,,,,,,4,,,,
Bahia,499,BRA,Core,Brazil,4239068,3,large_town,5,,,2,,,,,,,1,1,,,,,,
Goias,505,BRA,Core,Brazil,1664229,2,rural,2,,,,,,,,,,,,,,,,,
Iguacu,504,BRA,Core,Brazil,230181,2,rural,2,,,,,,,,,,,,,,,,,
Maranhao,497,BRA,Core,Brazil,2953701,3,rural,2,,,1,,,23,,,,1,2,,,29.9,,,
MatoGrosso,280,BRA,Core,Brazil,120146,1,pastoral,1,,,,,,,,,,,,,,,,,
MinasGerais,496,BRA,Core,Brazil,4609220,3,town,4,,,2,,,,,3,,,1,,,,,3.9,
RioGrande,498,BRA,Core,Brazil,7755456,5,city,6,,,6,,,,,,,2,4,,,,,,
RioGrandeSul,502,BRA,Core,Brazil,2963213,5,town,4,,,,,,,,,,2,3,,,,,,
RiodeJaneiro,500,BRA,Core,Brazil,6673637,6,large_city,8,2,2,4,,,,,,,7,7,,,,,,
SantaCatarina,503,BRA,Core,Brazil,1925047,5,rural,2,,,,,,,,,,1,,,,,,,
SaoPaulo,501,BRA,Core,Brazil,6206767,5,city,6,1,,3,,,,,,,,4,,,,,,
Burgas,211,BUL,Core,Bulgaria,1360052,4,town,4,,,2,,,,,,,,4,,,,,,
Moesia,801,BUL,Core,Bulgaria,1220268,4,rural,2,,,1,,,,,,,,,,,,,,
Plovdiv,212,BUL,Core,Bulgaria,1817151,4,large_town,5,3,,2,,,,,,1,2,,,,,,,1.4
Sofia,48,BUL,Core,Bulgaria,1688047,5,city,6,,,6,,2,,,,,3,,,3,,,,
Alberta,470,CAN,Core,DominionofCanada,691643,5,rural,2,,,1,,,,,,,,,,,,,,
BritishColumbia,473,CAN,Core,DominionofCanada,638944,5,town,4,1,1,1,1,,,,,,3,5,1.5,,,,,
HaidaGwaii,739,CAN,Core,DominionofCanada,12699,1,small_island,1,,,,,,,,,,,1,,,,,,
Manitoba,467,CAN,Core,DominionofCanada,651866,4,rural,2,,,1,,,,,,,,,,,,,,
NewBrunswick,465,CAN,Core,DominionofCanada,475600,5,rural,2,,,2,,,,,,,,2,,,,,,
NortheasternCanada,683,CAN,Core,DominionofCanada,46191,1,wasteland,0,,,,,7,,,,,,,,7.7,,,,
NorthernCanada,472,CAN,Core,DominionofCanada,27715,1,wasteland,0,,,,,,,,,,,,,,,,,
NorthernOntario,682,CAN,Core,DominionofCanada,149241,5,rural,2,,,1,,9,,,8,,,,,13.5,,,12,
NorthwesternCanada,471,CAN,Core,DominionofCanada,27715,1,wasteland,0,,,,,,,,,,,1,,,,,,
NovaScotia,464,CAN,Core,DominionofCanada,491511,5,rural,2,,,1,,,,,,,3,4,,,,,,
Quebec,466,CAN,Core,DominionofCanada,319249,1,rural,2,,,,,4,,,,,,1,,4.4,,,,
SaintLawrence,468,CAN,Core,DominionofCanada,2435724,6,city,6,2,,1,,3,,,,,3,6,,4.8,,,,
Saskatchewan,469,CAN,Core,DominionofCanada,866662,4,rural,2,,,1,,,,,,,,,,,,,,
SouthernOntario,276,CAN,Core,DominionofCanada,3120822,7,large_city,8,2,,4,,,,,,,5,,,,,,,
VancouverIsland,740,CAN,Core,DominionofCanada,259929,2,rural,2,,,,,,,,,,,,,,,,,
Antofagasta,506,CHL,Core,Chile,283951,3,rural,2,,,2,,,,,,,1,3,,,,,,
Magallanes,507,CHL,Core,Chile,68777,1,pastoral,1,,,,,,,,,,,,,,,,,
Santiago,279,CHL,Core,Chile,3939950,5,large_city,8,1,,7,,,,,16,,3,6,,,,,24,
Anhui,606,CHI,Core,China,18287697,4,town,4,,,1,,,,,11,,,,,,,,15.4,
Beijing,608,CHI,Core,China,9660178,5,large_city,8,,,2,,,,,,,3,2,,,,,,
Changde,750,CHI,Core,China,8009766,4,town,4,1,,2,,,,,,,2,,,,,,,
Fujian,595,CHI,Core,China,11769950,3,city,6,,,1,,,,,,,,4,,,,,,
Ganzi,752,CHI,Core,China,300366,1,pastoral,1,,,,,,,,,,,,,,,,,
Guizhou,603,CHI,Core,China,7552408,2,town,4,2,,1,,,,,,,,,,,,,,
Hebei,614,CHI,Core,China,18457404,4,town,4,,,,,,,,,,,,,,,,,
Henan,607,CHI,Core,China,34331658,5,town,4,,,2,,,,,,,,,,,,,,
Huangshan,749,CHI,Core,China,5006104,4,town,4,,,,,,,,,,,,,,,,,
Hubei,620,CHI,Core,China,25572779,3,city,6,3,,2,,,,,,,,,,,,,,
Hunan,602,CHI,Core,China,20318473,5,town,4,2,,2,,,,6,,,,,,,,9,,
Jiangsu,598,CHI,Core,China,23698193,3,town,4,,,,,,,,,,,,,,,,,
Jiangxi,600,CHI,Core,China,15839712,3,town,4,,,2,,,,,,,,,,,,,,
Liangshan,751,CHI,Core,China,300366,1,pastoral,1,,,,,,,,,,,,,,,,,
Qingdao,743,CHI,Core,China,385470,5,large_town,5,,,1,,,,,,,1,5,,,,,,
Shandong,597,CHI,Core,China,38420042,3,town,4,,,1,,,,,,,3,2,,,,,,
Shanghai,613,CHI,Core,China,17326224,5,large_city,8,,1,1,,,,,,,6,6,,,,,,
Sichuan,605,CHI,Core,China,53027952,4,city,6,3,,2,,,,,14,,2,,,,,,19.6,
Xian,744,CHI,Core,China,9010986,3,town,4,,,,,,,,,,,,,,,,,
Xikang,601,CHI,Core,China,368649,1,wasteland,0,,,,2,,,,,,,,2.2,,,,,
Zhejiang,596,CHI,Core,China,21256616,4,city,6,,,,,,,,,,,7,,,,,,
Zunyi,748,CHI,Core,China,1501831,2,pastoral,1,,,,,,,,,,,,,,,,,
Cundinamarca,306,COL,Core,Colombia,4959095,3,city,6,1,,5,,,,,,,2,,,,,,,
LaLibertad,493,COL,Core,Colombia,2830232,3,town,4,,,2,15,,,,,,4,6,19.5,,,,,
Meta,486,COL,Core,Colombia,213420,1,pastoral,1,,,,,,,,,,,,,,,,,
Shaanxi,622,PRC,Core,CommunistChina,7014752,2,city,6,3,,3,,,,3,3,,,,,,,3.6,3.6,
CostaRica,316,COS,Core,CostaRica,504471,4,town,4,1,,2,,,,,,1,1,1,,,,,,1.4
Cuba,315,CUB,Core,Cuba,3612323,4,town,4,1,,3,,,,,3,90,1,4,,,,,4.2,126
Bohemia,9,CZE,Core,Czechoslovakia,4498084,7,large_city,8,6,,1,,,,,5,,5,,,,,,8.5,
CarpathianRuthenia,73,CZE,Core,Czechoslovakia,855343,5,rural,2,,,,,,,,,,,,,,,,,
EasternSlovakia,71,CZE,Core,Czechoslovakia,1199262,4,rural,2,,,2,,,,,,,,,,,,,,
EasternSudetenland,74,CZE,Core,Czechoslovakia,821001,7,rural,2,1,,,,,,,,,,,,,,,,
Moravia,75,CZE,Core,Czechoslovakia,2601572,7,city,6,,,4,2,,,,4,,5,,3.4,,,,6.8,
SouthernSlovakia,664,CZE,Core,Czechoslovakia,855343,6,town,4,,,3,,,,,13,3,,,,,,,20.8,4.8
Sudetenland,69,CZE,Core,Czechoslovakia,2833455,8,town,4,,,2,,,,,4,,,,,,,,7.2,
WesternSlovakia,70,CZE,Core,Czechoslovakia,1232002,5,city,6,2,,3,,,,1,,,3,,,,,1.5,,
Zaolzie,72,CZE,Core,Czechoslovakia,152186,6,rural,2,,,1,,,,,,,,,,,,,,
FaroeIslands,337,DEN,Core,Denmark,25932,4,small_island,1,,,,,,,,,,,1,,,,,,
Greenland,101,DEN,Core,Denmark,18022,1,wasteland,0,,,,,,,,,,,1,,,,,,
Iceland,100,DEN,Core,Denmark,116011,2,rural,2,,,,,,,,,,,1,,,,,,
Jutland,99,DEN,Core,Denmark,1674276,8,town,4,,,3,,6,,,,,2,4,,10.8,,,,
Sjaelland,37,DEN,Core,Denmark,2036597,8,large_city,8,2,2,4,,,,,,,6,12,,,,,,
DominicanRepublic,319,DOM,Core,DominicanRepublic,1257533,4,town,4,1,,3,,,,,,1,1,2,,,,,,1.4
Ecuador,305,ECU,Core,Ecuador,2002441,3,city,6,1,,4,2,,,,,,1,4,2.6,,,,,
GalapagosIslands,649,ECU,Core,Ecuador,11546,2,tiny_island,0,,,,,,,,,,,1,,,,,,
ElSalvador,314,ELS,Core,ElSalvador,1439366,4,town,4,1,,2,,,,,,1,1,1,,,,,,1.4
Harju,13,EST,Core,Estonia,731552,5,town,4,1,,3,,,,,2,,2,3,,,,,3,
Tartu,191,EST,Core,Estonia,376859,5,rural,2,,,,,,,,,,,1,,,,,,
Ethiopia,271,ETH,Core,Ethiopia,10012207,3,town,4,2,,2,,,2,,,,1,,,,2.6,,,
Karjala,146,FIN,Core,Finland,419146,5,town,4,,,2,,,,,,,,,,,,,,
Lappi,148,FIN,Core,Finland,121886,2,rural,2,,,,,,,,7,2,,,,,,,8.4,2.4
Petsamo,722,FIN,Core,Finland,2374,3,enclave,0,,,,,,,,,,,1,,,,,,
Pohjanmaa,149,FIN,Core,Finland,812019,4,town,4,,,2,,,,,,,,1,,,,,,
Salla,147,FIN,Core,Finland,4636,3,enclave,0,,,,,,,,,,,,,,,,,
Savo,150,FIN,Core,Finland,611846,4,town,4,,,1,,,,,3,,,,,,,,4.2,
Uusimaa,111,FIN,Core,Finland,1672229,6,city,6,3,1,2,,,,,,,5,8,,,,,,
Åland,145,FIN,Core,Finland,27433,5,small_island,1,,,,,,,,,,,1,,,,,,
Aleppo,677,FRA,Occupied,France,1327212,3,town,4,,,,,,,,,,,,,,,,,
AlgerianDesert,514,FRA,Colony,France,207987,0,wasteland,0,,,,,,,,,,,,,,,,,
Algiers,459,FRA,Occupied,France,3093716,4,town,4,,,,,,,,26,,5,8,,,,,36.4,
Alpes,32,FRA,Core,France,1008730,4,town,4,,,,,30,,,30,,,,,42,,,42,
Alsace-Lorraine,28,FRA,Core,France,1917938,7,city,6,,,3,,,,,100,,5,,,,,,170,
Aquitaine,19,FRA,Core,France,1141792,6,city,6,1,1,,,11,,,25,,3,3,,17.6,,,40,
Auvergne,26,FRA,Core,France,878872,5,town,4,,,1,,,,,,,,,,,,,,
B.E.T.,775,FRA,Colony,France,18767,0,wasteland,0,,,,,,,,,,,,,,,,,
Bourgogne,27,FRA,Core,France,1372473,7,city,6,,,2,,11,,,,,2,,,18.7,,,,
Brittany,14,FRA,Core,France,2399526,6,city,6,,5,,,,,,,,5,15,,,,,,
Cambodia,741,FRA,Occupied,France,5251403,1,town,4,,,,,,,,,,,1,,,,,,
Cameroon,773,FRA,Occupied,France,2949378,3,rural,2,,,1,,,,,,,1,1,,,,,,
Casablanca,461,FRA,Occupied,France,3201622,3,rural,2,,,1,,,,,,12,4,4,,,,,,15.6
Centre,24,FRA,Core,France,1548188,7,large_town,5,,,2,,,,,,,,,,,,,,
Centre-Sud,33,FRA,Core,France,637177,6,town,4,,,,,,,,,,,,,,,,,
Chad,774,FRA,Occupied,France,1444217,2,pastoral,1,,,,,,,,,,,,,,,,,
Champagne,18,FRA,Core,France,1372473,7,city,6,,,1,,,,,,,10,,,,,,,
ComoroIslands,708,FRA,Occupied,France,126858,3,small_island,1,,,,,,,,,,,1,,,,,,
Constantine,460,FRA,Occupied,France,2346698,4,town,4,,,,,,,,,,,1,,,,,,
Corsica,1,FRA,Core,France,323294,4,town,4,,,1,,,,,,,1,3,,,,,,
Dahomey,776,FRA,Occupied,France,1353213,3,pastoral,1,,,,,,,,,,,1,,,,,,
Damascus,554,FRA,Occupied,France,548466,3,rural,2,,,,,,,,,,1,,,,,,,
Deir-az-Zur,680,FRA,Occupied,France,324506,2,wasteland,0,,,,,,,,,,,,,,,,,
EquatorialAfrica,660,FRA,Occupied,France,1138309,2,pastoral,1,,,,,,3,,,,,,,,3.6,,,
Franche-Comte,17,FRA,Core,France,1519352,7,city,6,,,1,,,,,28,,5,,,,,,47.6,
FrenchCaribbean,694,FRA,Occupied,France,444832,4,rural,2,,,,,,,,,,1,4,,,,,,
FrenchGuiana,310,FRA,Occupied,France,47399,2,pastoral,1,,,,,,,,,,,1,,,,,,
FrenchIndia,320,FRA,Occupied,France,286760,5,enclave,0,,,,,,,,,,,1,,,,,,
FrenchSomaliland,268,FRA,Occupied,France,85336,3,enclave,0,,,,,,,,,,2,2,,,,,,
Gabon,539,FRA,Occupied,France,410252,3,pastoral,1,,,,,,,,,,,1,,,,,,
Gabès,665,FRA,Occupied,France,428346,3,pastoral,1,,,,,,,,,,,,,,,,,
Guangzhouwan,728,FRA,Occupied,France,200244,3,enclave,0,,,,,,,,,,,1,,,,,,
Guinea,780,FRA,Occupied,France,195279,3,pastoral,1,,,,,,,,,,,1,,,,,,
Hatay,799,FRA,Occupied,France,234665,2,enclave,0,,,,,,,,,,,,,,,,,
IledeFrance,16,FRA,Core,France,7047092,8,metropolis,10,4,,4,,,,,,,5,,,,,,,
IvoryCoast,779,FRA,Occupied,France,3855435,3,pastoral,1,,,,,,,,,,,1,,,,,,
Kerguelen,713,FRA,Colony,France,96,1,tiny_island,0,,,,,,,,,,,1,,,,,,
Languedoc,22,FRA,Core,France,1693264,6,town,4,,,2,,50,,,70,,2,,,80,,,112,
Laos,670,FRA,Occupied,France,1185445,2,pastoral,1,,,,,,,,,,,,,,,,,
Lebanon,553,FRA,Occupied,France,1105348,4,town,4,,,1,,,,,,,5,3,,,,,,
Limousin,25,FRA,Core,France,1345340,5,large_town,5,,,,,,,,,,,,,,,,,
Loire,30,FRA,Core,France,1390095,7,city,6,,1,1,,,,,,,2,,,,,,,
Madagascar,543,FRA,Occupied,France,3699121,2,rural,2,,,,,,,,,,1,1,,,,,,
Mali,556,FRA,Occupied,France,3328841,3,rural,2,,,,,,,,,,,,,,,,,
Marrakech,462,FRA,Occupied,France,1867829,1,wasteland,0,,,,,,,,,,,,,,,,,
Mauritania,557,FRA,Occupied,France,225275,1,pastoral,1,,,,,,,,,,,,,,,,,
MauritanianDesert,786,FRA,Colony,France,124352,0,wasteland,0,,,,,,,,,,,,,,,,,
MiddleCongo,772,FRA,Occupied,France,747326,3,pastoral,1,,,,,,1,,,,,1,,,1.3,,,
MidiPyrenees,31,FRA,Core,France,1827228,6,city,6,1,,1,,,,,,,2,,,,,,,
Nendo,734,FRA,Occupied,France,5173,3,tiny_island,0,,,,,,,,,,,1,,,,,,
NewCaledonia,635,FRA,Occupied,France,51939,3,small_island,1,,,,,,,,,90,,3,,,,,,117
Niger,781,FRA,Occupied,France,544481,3,pastoral,1,,,,,,,,,,,,,,,,,
Nord-Pas-de-Calais,29,FRA,Core,France,2980033,8,large_city,8,,,3,,8,,,42,,10,6,,14.4,,,75.6,
Normandy,15,FRA,Core,France,2334947,7,city,6,,,2,,,,,21,,6,9,,,,,35.7,
Picardy,785,FRA,Core,France,1581929,8,town,4,,,1,,4,,,20,,,,,7.2,,,36,
Poitou,23,FRA,Core,France,1605057,6,town,4,,,1,,,,,30,,,3,,,,,48,
Provence,21,FRA,Core,France,2062915,6,city,6,1,3,1,,60,,,,,10,13,,96,,,,
Pyrénées-Atlantiques,806,FRA,Core,France,281066,6,town,4,,,,,,,,,,,,,,,,,
Reunion,706,FRA,Occupied,France,186865,3,small_island,1,,,,,,,,,,,1,,,,,,
Rhone,20,FRA,Core,France,2976829,7,city,6,1,,2,,35,,,60,,4,,,59.5,,,102,
Savoy,735,FRA,Core,France,908608,4,town,4,,,,,,,,,,,2,,,,,,
Senegal,272,FRA,Occupied,France,1640000,3,pastoral,1,,,,,,,,3,,4,3,,,,,3.9,
SouthernIndochina,286,FRA,Occupied,France,5251403,3,town,4,,,1,,,55,,,,2,4,,,71.5,,,
SouthernSahara,515,FRA,Colony,France,1458134,1,pastoral,1,,,,,,,,,,,,,,,,,
StPierreandMiquelon,730,FRA,Colony,France,3430,3,tiny_island,0,,,,,,,,,,,1,,,,,,
Tahiti,641,FRA,Occupied,France,105915,3,small_island,1,,,,,,,,,,1,1,,,,,,
Tlemcen,513,FRA,Occupied,France,812477,2,wasteland,0,,,,,,,,,,,,,,,,,
Togo,777,FRA,Occupied,France,1102690,3,pastoral,1,,,,,,,,,,,1,,,,,,
Tombouctou,782,FRA,Colony,France,79340,0,wasteland,0,,,,,,,,,,,,,,,,,
Tonkin,671,FRA,Occupied,France,11542072,4,town,4,,,1,,,,27,,6,1,1,,,,37.8,,8.4
Tunisia,458,FRA,Occupied,France,1985361,4,town,4,,,1,,,,,6,,8,8,,,,,8.4,
UpperVolta,778,FRA,Occupied,France,3190073,3,pastoral,1,,,,,,,,,,,,,,,,,
Brandenburg,64,GER,Core,GermanReich,7273897,8,megalopolis,12,5,,4,,,,,,,6,,,,,,,
Ermland-Masuren,5,GER,Core,GermanReich,1239619,6,town,4,,,,,,,,,,,,,,,,,
Franken,54,GER,Core,GermanReich,2511221,7,city,6,,,2,,,,,,,,,,,,,,
Hannover,59,GER,Core,GermanReich,2441262,7,large_city,8,2,2,1,2,,,,,,,1,3.4,,,,,
Hessen,55,GER,Core,GermanReich,3802872,7,large_city,8,1,,2,,,,,,,,,,,,,,
Hinterpommern,63,GER,Core,GermanReich,1125790,6,town,4,,,1,,8,,,23,,3,5,,12.8,,,36.8,
Königsberg,763,GER,Core,GermanReich,2142847,6,city,6,,,2,,,,,,,6,5,,,,,,
Mecklenburg,61,GER,Core,GermanReich,837374,6,town,4,3,,,,,,,,,3,6,,,,,,
Moselland,42,GER,Core,GermanReich,3031435,7,metropolis,10,,,3,,14,,,59,,,,,23.8,,,100.3,
Niederbayern,53,GER,Core,GermanReich,1455139,6,city,6,,,,,,,,,,,,,,,,,
Niederschlesien,66,GER,Core,GermanReich,3056452,6,large_city,8,,,1,,16,,,50,,6,,,25.6,,,80,
Oberbayern,52,GER,Core,GermanReich,2682684,7,city,6,2,,1,,18,,,,,6,,,30.6,,,,
Oberschlesien,67,GER,Core,GermanReich,1404303,6,city,6,,,,,6,,,19,,,,,9.6,,,30.4,
Ostmark,68,GER,Core,GermanReich,1252367,6,city,6,,,1,,15,,,,,,,,24,,,,
Rhineland,51,GER,Core,GermanReich,6152244,8,metropolis,10,3,,2,,,,,30,,3,,,,,,54,
Sachsen,65,GER,Core,GermanReich,5599403,7,metropolis,10,2,,7,,,,,53,,,,,,,,90.1,
Schleswig-Holstein,58,GER,Core,GermanReich,3252115,6,large_city,8,2,6,,,,,,,,5,8,,,,,,
Thüringen,60,GER,Core,GermanReich,3008882,6,large_city,8,,,1,,,,3,13,3,,,,,,4.8,20.8,4.8
Vorpommern,62,GER,Core,GermanReich,1007449,6,town,4,,,,,,,,,,,,,,,,,
Weser-Ems,56,GER,Core,GermanReich,2060980,6,city,6,,2,2,,,,,,,3,8,,,,,,
Westfalen,57,GER,Core,GermanReich,5115570,8,large_city,8,3,,1,,,,,,,3,,,,,,,
Württemberg,50,GER,Core,GermanReich,5093064,8,large_city,8,5,,1,,6,,,,,3,,,10.8,,,,
Guangdong,593,GXC,Core,GuangxiClique,12715503,3,town,4,,,1,,,,15,15,3,,1,,,,19.5,19.5,3.9
Guangxi,599,GXC,Core,GuangxiClique,8695802,3,town,4,1,,2,,,,15,15,3,2,,,,,19.5,19.5,3.9
Guangzhou,592,GXC,Core,GuangxiClique,17856971,3,city,6,2,,2,,,,8,15,3,3,5,,,,10.4,19.5,3.9
Hainan,591,GXC,Core,GuangxiClique,4355310,2,town,4,,,,,,,,,,1,2,,,,,,
Nanning,594,GXC,Core,GuangxiClique,6557996,3,town,4,,,1,,,,11,8,3,,,,,,14.3,10.4,3.9
Guatemala,313,GUA,Core,Guatemala,1773162,4,town,4,1,,2,,,,,,4,1,2,,,,,,5.6
Haiti,318,HAI,Core,Haiti,2382905,4,town,4,1,,2,,,,,,2,1,3,,,,,,2.8
Honduras,312,HON,Core,Honduras,860811,4,town,4,1,,2,,,,,,1,1,2,,,,,,1.4
ArunachalPradesh,434,RAJ,Core,BritishRaj,200244,1,wasteland,0,,,,,,,,,,,,,,,,,
Assam,432,RAJ,Core,BritishRaj,8988058,3,town,4,,,,5,,,,,,,,6.5,,,,,
Baluchistan,444,RAJ,Occupied,BritishRaj,464066,2,wasteland,0,,,,,,,,,,,,,,,,,
Bihar,435,RAJ,Core,BritishRaj,36619147,5,rural,2,,,,,,,,,,,,,,,,,
Bombay,429,RAJ,Core,BritishRaj,17376786,4,town,4,,,1,,,,,,,2,6,,,,,,
Burma,288,RAJ,Occupied,BritishRaj,10735589,4,town,4,,,1,,,3,92,,,1,4,,,4.2,128.8,,
Delhi,439,RAJ,Core,BritishRaj,31174809,5,city,6,,,1,,,,,,,4,,,,,,,
EastBengal,430,RAJ,Core,BritishRaj,32012330,5,town,4,,,2,,,,,,,,3,,,,,,
Gujarat,428,RAJ,Core,BritishRaj,10603127,4,town,4,1,,,3,,,,,,,2,4.2,,,,,
Hyderabad,427,RAJ,Core,BritishRaj,14030506,3,town,4,,,1,,,,,,6,3,,,,,,,7.8
Indore,437,RAJ,Core,BritishRaj,8412757,4,rural,2,,,1,,,,,,,,,,,,,,
Jabalpur,436,RAJ,Core,BritishRaj,14140340,4,rural,2,,,,,,,,,4,,,,,,,,5.6
Kashmir,441,RAJ,Core,BritishRaj,2126292,2,rural,2,,,,,,,,,,,,,,,,,
Lucknow,438,RAJ,Core,BritishRaj,33531883,5,rural,2,,,1,,,,,,,,,,,,,,
Madras,424,RAJ,Core,BritishRaj,15810977,4,rural,2,,,1,,,,,,,,,,,,,,
Madurai,423,RAJ,Core,BritishRaj,29183080,5,rural,2,,,1,,,19,,,,1,4,,,28.5,,,
Mandalay,640,RAJ,Occupied,BritishRaj,3949415,3,town,4,,,,,,,120,,,1,,,,,156,,
Mysore,425,RAJ,Core,BritishRaj,12363273,4,rural,2,,,1,,,,,,10,,,,,,,,14
NorthernKashmir,787,RAJ,Core,BritishRaj,1417528,2,rural,2,,,,,,,,,,,,,,,,,
Orissa,426,RAJ,Core,BritishRaj,14537825,4,rural,2,1,,,,1,,,25,20,,,,1.4,,,35,28
Peshawar,442,RAJ,Occupied,BritishRaj,4690118,3,rural,2,,,,,,,,,,3,,,,,,,
Punjab,440,RAJ,Occupied,BritishRaj,13681681,5,town,4,,,,,,,,,,,,,,,,,
Quetta,445,RAJ,Occupied,BritishRaj,405595,3,wasteland,0,,,,,,,,,,4,,,,,,,
Rajahsthan,433,RAJ,Core,BritishRaj,11800387,3,town,4,,,1,,,,,,,,,,,,,,
Sind,443,RAJ,Occupied,BritishRaj,3891745,5,rural,2,,,1,,,,,,,,4,,,,,,
WestBengal,431,RAJ,Core,BritishRaj,18801022,5,city,6,,1,1,,,,,13,,2,6,,,,,19.5,
AruIslands,738,INS,Core,DutchEastIndies,36190,1,small_island,1,,,,,,,,,,,1,,,,,,
Java,335,INS,Core,DutchEastIndies,41769126,5,city,6,,1,1,10,,140,,,,3,9,15,,210,,,
Kalimantan,334,INS,Core,DutchEastIndies,2171247,2,rural,2,,,,5,,75,,,,,5,6,,90,,,
LesserSundaIslands,667,INS,Core,DutchEastIndies,3464424,3,town,4,,,,,,12,,,,,3,,,15.6,,,
Sulawesi,673,INS,Core,DutchEastIndies,4237166,3,town,4,,,,,,30,,,,4,6,,,39,,,
Sumatra,672,INS,Core,DutchEastIndies,8264977,3,town,4,,,1,12,28,150,,,,1,5,15.6,36.4,195,,,
TheMoluccas,668,INS,Core,DutchEastIndies,579807,3,pastoral,1,,,,,,,,,,,3,,,,,,
WestPapua,669,INS,Core,DutchEastIndies,314684,1,pastoral,1,,,,,,,,,,,2,,,,,,
Fars,412,PER,Core,Iran,919740,2,rural,2,,,,10,,,,,,,6,12,,,,,
Gilan,420,PER,Core,Iran,1316553,3,rural,2,,,,,,,,,,,,,,,,,
Hamadan,417,PER,Core,Iran,797368,3,rural,2,,,,,,,,,,,,,,,,,
Isfahan,411,PER,Core,Iran,886353,2,rural,2,,,,12,,,,,,,,14.4,,,,,
Kerman,414,PER,Core,Iran,486606,1,wasteland,0,,,,,,,,,,,,,,,,,
Khorasan,416,PER,Core,Iran,1061033,3,rural,2,,,2,,,,,,,,,,,,,,
Khuzestan,413,PER,Core,Iran,798329,5,rural,2,,,,28,,,,,,,1,42,,,,,
Kurdistan,421,PER,Core,Iran,781230,3,rural,2,,,,,,,,,,,,,,,,,
Semnan,418,PER,Core,Iran,332768,1,wasteland,0,,,,,,,,,,,,,,,,,
Sistan,410,PER,Core,Iran,341469,1,rural,2,,,,,,,,,,,,,,,,,
Tehran,266,PER,Core,Iran,3450457,4,town,4,1,,2,,,,,,,3,,,,,,,
Tibriz,419,PER,Core,Iran,1433462,3,rural,2,,,,,,,,,,,,,,,,,
AlHajara,675,IRQ,Core,Iraq,122242,1,wasteland,0,,,,,,,,,,,,,,,,,
Baghdad,291,IRQ,Core,Iraq,2046660,5,town,4,1,,2,15,,,,,,4,1,22.5,,,,,
Mosul,676,IRQ,Core,Iraq,1184185,3,town,4,,,,8,,,,,,,,10.4,,,,,
Connaught,134,IRE,Core,Ireland,667914,6,town,4,,,,,,,,,,,,,,,,,
Leinster,113,IRE,Core,Ireland,1359257,7,city,6,1,,5,,0,,,2,,3,6,,0,,,3.4,
Munster,135,IRE,Core,Ireland,942549,6,town,4,,,3,,,,,,,,,,,,,,
Abruzzo,157,ITA,Core,Italy,2982972,6,city,6,,,1,,,,,,,,5,,,,,,
Benghasi,450,ITA,Occupied,Italy,82636,3,enclave,0,,,,,,,,,,1,1,,,,,,
Calabria,156,ITA,Core,Italy,2969936,5,city,6,,4,,,,,,,,5,12,,,,,,
Campania,117,ITA,Core,Italy,5340122,6,city,6,1,,2,,10,,,15,,3,6,,16,,,24,
Cyrenaica,663,ITA,Occupied,Italy,8819,1,wasteland,0,,,,,,,,,,,,,,,,,
Derna,451,ITA,Occupied,Italy,45684,2,wasteland,0,,,,,,,,,,4,6,,,,,,
Dodecanese,164,ITA,Occupied,Italy,120146,5,small_island,1,,,,,,,,,,1,5,,,,,,
ElAgheila,449,ITA,Occupied,Italy,40480,3,enclave,0,,,,,,,,,,,,,,,,,
EmiliaRomagna,161,ITA,Core,Italy,3206310,7,large_city,8,,,1,,9,,,,,2,2,,15.3,,,,
Eritrea,550,ITA,Occupied,Italy,601333,4,rural,2,,,,,,,,,,3,3,,,,,,
Istria,736,ITA,Core,Italy,1064457,2,city,6,,,,,,,,,,,5,,,,,,
Latium,2,ITA,Core,Italy,2785367,8,city,6,1,,4,,,,,,,8,7,,,,,,
LibyanDesert,273,ITA,Colony,Italy,42685,0,wasteland,0,,,,,,,,,,,,,,,,,
Lombardy,159,ITA,Core,Italy,5604537,8,metropolis,10,7,,3,,,,,,,10,,,,,,,
Piedmont,158,ITA,Core,Italy,4771293,7,metropolis,10,7,2,1,,16,,1,24,2,8,8,,27.2,,1.7,40.8,3.4
Sardinia,114,ITA,Core,Italy,993132,5,town,4,0,,1,,,,,,,5,8,,,,,,
Sicily,115,ITA,Core,Italy,3841254,5,city,6,,1,1,,,,,,,10,18,,,,,,
Sirte,662,ITA,Occupied,Italy,13229,1,wasteland,0,,,,,,,,,,,,,,,,,
Somaliland,559,ITA,Occupied,Italy,1030151,3,rural,2,,,,,,,,,,1,2,,,,,,
SouthTyrol,39,ITA,Core,Italy,642433,6,town,4,,,1,,14,,,,,,,,22.4,,,,
Tripoli,448,ITA,Occupied,Italy,469709,3,town,4,,,,,,,,,,6,5,,,,,,
Tripolitania,661,ITA,Occupied,Italy,17639,1,wasteland,0,,,,,,,,,,,,,,,,,
Tuscany,162,ITA,Core,Italy,3088699,8,large_city,8,1,3,1,,,,,,,2,14,,,,,,
Veneto,160,ITA,Core,Italy,3967989,6,large_city,8,2,1,4,,11,,,20,,3,6,,17.6,,,32,
Zara,163,ITA,Occupied,Italy,18022,5,enclave,0,,,,,,,,,,,1,,,,,,
CarolineIslands,684,JAP,Core,Japan,42409,3,small_island,1,,,,,,,,,,3,13,,,,,,
Chugoku,529,JAP,Core,Japan,5347520,7,large_city,8,2,2,2,,,,,,,3,10,,,,,,
Dalian,745,JAP,Occupied,Japan,1001221,5,large_town,5,,,1,,,,,,,1,5,,,,,,
EastHebei,609,JAP,Occupied,Japan,6407813,5,town,4,1,,1,,,,,,,,2,,,,,,
Hokkaido,536,JAP,Core,Japan,2815433,3,rural,2,,,,,,,,,,,,,,,,,
Hokuriku,534,JAP,Core,Japan,1935360,4,city,6,2,,2,,,,,,,,,,,,,,
IwoJima,645,JAP,Core,Japan,1019,3,small_island,1,,,,,,,,,,1,1,,,,,,
Kansai,531,JAP,Core,Japan,11028446,8,metropolis,10,2,2,4,,3,,,,,,9,,5.4,,,,
Kanto,282,JAP,Core,Japan,13789813,8,megalopolis,12,2,4,5,,1,,,,,6,6,,1.8,,,,
Koshinetsu,535,JAP,Core,Japan,3875725,3,large_city,8,1,1,2,,,,8,27,,,,,,,10.4,35.1,
KurilIslands,555,JAP,Core,Japan,15018,3,tiny_island,0,,,,,,,,,,,3,,,,,,
Kyushu,528,JAP,Core,Japan,9080071,7,large_city,8,2,4,2,,,,,,52,3,6,,,,,,88.4
MarcusIsland,648,JAP,Occupied,Japan,42,3,tiny_island,0,,,,,,,,,,1,1,,,,,,
MarshallIslands,633,JAP,Occupied,Japan,52581,3,small_island,1,,,,,,,,,,2,9,,,,,,
NorthKorea,527,JAP,Occupied,Japan,6782469,3,town,4,,,1,,,,28,18,,,,,,,36.4,23.4,
Okinawa,526,JAP,Core,Japan,578706,3,small_island,1,,,,,,,,,,3,3,,,,,,
Palau,647,JAP,Occupied,Japan,12115,3,small_island,1,,,,,,,,,,1,1,,,,,,
Saipan,646,JAP,Core,Japan,21683,3,small_island,1,,,,,,,,,,3,2,,,,,,
Shikoku,530,JAP,Core,Japan,3314041,3,large_city,8,1,,2,,,,,,,3,,,,,,,
SouthKorea,525,JAP,Occupied,Japan,14301542,4,town,4,1,1,,,,,,,,,3,,,,,,
SouthSakhalin,537,JAP,Core,Japan,295556,3,rural,2,,,,3,,,,,,,1,3.9,,,,,
Taiwan,524,JAP,Occupied,Japan,4598143,5,large_town,5,1,,,,,,,,,6,10,,,,,,
Tohoku,533,JAP,Core,Japan,6583026,3,large_city,8,1,,2,,,,,27,,6,6,,,,,35.1,
Tokai,532,JAP,Core,Japan,6181537,7,large_city,8,1,1,2,,,,,,,,,,,,,,
AegeanIslands,187,GRE,Core,KingdomofGreece,322994,1,small_island,1,,1,,,,,,,7,,2,,,,,,7.7
Attica,47,GRE,Core,KingdomofGreece,2315323,4,city,6,,1,3,,30,,10,3,12,4,9,,42,,14,4.2,16.8
CentralMacedonia,731,GRE,Core,KingdomofGreece,1157111,3,town,4,,,3,,,,,,,2,3,,,,,,
Crete,182,GRE,Core,KingdomofGreece,388374,3,town,4,,,,,,,,,,2,4,,,,,,
Epirus,185,GRE,Core,KingdomofGreece,761829,3,rural,2,,,1,,,,,14,14,3,1,,,,,18.2,18.2
Peloponnese,186,GRE,Core,KingdomofGreece,946154,3,town,4,1,,,,,,,,,,3,,,,,,
Thrace,184,GRE,Core,KingdomofGreece,382967,2,rural,2,1,,,,,,,,11,,,,,,,,13.2
Alföld,154,HUN,Core,KingdomofHungary,2738722,6,city,6,1,,3,,,,,,,2,,,,,,,
NorthernHungary,43,HUN,Core,KingdomofHungary,3755331,6,large_city,8,4,,4,,100,,,3,,4,,,160,,,4.8,
Transdanubia,155,HUN,Core,KingdomofHungary,2200288,6,city,6,1,,3,1,,,,,,3,,1.6,,,,,
Kurzeme,190,LAT,Core,Latvia,379963,5,rural,2,,1,,,,,,,,,1,,,,,,
Vidzeme,12,LAT,Core,Latvia,1522356,5,city,6,1,,4,,,,,1,,3,3,,,,,1.5,
Liberia,298,LIB,Core,Liberia,745909,2,rural,2,1,,1,,,6,,,,,2,,,7.2,,,
Kaunas,11,LIT,Core,Lithuania,1354782,5,town,4,1,,3,,,,,,,4,,,,,,,
Memel,188,LIT,Core,Lithuania,150183,5,rural,2,,,1,,,,,,,,1,,,,,,
Siauliai,189,LIT,Core,Lithuania,697951,5,town,4,,,,,,,,2,,,1,,,,,3,
Luxemburg,8,LUX,Core,Luxembourg,295108,6,town,4,1,,3,,,,,5,,,,,,,,8,
Chahar,612,MEN,Core,Mengkukuo,566691,1,rural,2,,,,,,,,,,,,,,,,,
SouthChahar,611,MEN,Core,Mengkukuo,1471794,3,pastoral,1,,,1,,,,,,,,,,,,,,
BajaCalifornia,484,MEX,Core,Mexico,108974,3,rural,2,,,,,,,,,,3,3,,,,,,
Chiapas,475,MEX,Core,Mexico,806858,3,rural,2,,,,,,,,,,,,,,,,,
Chihuahua,482,MEX,Core,Mexico,521387,3,rural,2,,,,,,,,,,,,,,,,,
Coahuila,480,MEX,Core,Mexico,828837,4,large_town,5,1,,1,8,,,,,,,,11.2,,,,,
Durango,481,MEX,Core,Mexico,1256626,3,rural,2,,1,,,,,,,,,3,,,,,,
Guerrero,485,MEX,Core,Mexico,1600262,3,rural,2,,,1,,,,,4,,,3,,,,,5.2,
Jalisco,478,MEX,Core,Mexico,2473891,3,town,4,,,1,,,,8,,,,,,,,10.4,,
MexicoCity,277,MEX,Core,Mexico,3428583,5,city,6,2,,4,,,,,6,,3,,,,,,9,
Oaxaca,476,MEX,Core,Mexico,1665361,3,rural,2,,,,8,,,,,,2,2,10.4,,,,,
Sonora,483,MEX,Core,Mexico,304358,3,rural,2,,,,,,,,,,,3,,,,,,
Tamaulipas,479,MEX,Core,Mexico,1034249,3,town,4,,,1,9,,,,,,,,11.7,,,,,
Veracruz,477,MEX,Core,Mexico,1953842,4,town,4,,1,,9,,,,,,,3,12.6,,,,,
Yucatan,474,MEX,Core,Mexico,440826,3,rural,2,,,,,,,,,,1,5,,,,,,
Mongolia,330,MON,Core,Mongolia,772942,2,town,4,1,,3,,,,,2,3,1,,,,,,2.4,3.6
Nepal,323,NEP,Core,Nepal,5580595,3,town,4,1,,2,,,,,,2,,,,,,,,2.6
Brabant,35,HOL,Core,Netherlands,1450769,7,city,6,,,5,,,,,,,,,,,,,,
Curaçao,695,HOL,Occupied,Netherlands,76392,3,rural,2,,,,35,,,,,,,1,45.5,,,,,
Friesland,36,HOL,Core,Netherlands,2366886,6,city,6,,,2,,,,,,,,3,,,,,,
Holland,7,HOL,Core,Netherlands,4128033,8,metropolis,10,4,3,3,,,,,4,,5,15,,,,,7.2,
Suriname,309,HOL,Occupied,Netherlands,152186,3,rural,2,,,1,,60,,,,,,1,,78,,,,
NorthIsland,284,NZL,Core,NewZealand,900934,6,city,6,1,,4,,,,,,,3,5,,,,,,
Samoa,726,NZL,Occupied,NewZealand,123364,3,small_island,1,,,,,,,,,,,1,,,,,,
SouthIsland,723,NZL,Core,NewZealand,547866,5,rural,2,,,,,,,4,,,1,1,,,,6,,
Nicaragua,317,NIC,Core,Nicaragua,683834,4,town,4,1,,2,,,,,,1,1,1,,,,,,1.4
Nord-Norge,144,NOR,Core,Norway,355685,3,rural,2,,,,,,,15,9,,1,8,,,,19.5,11.7,
Trøndelag,143,NOR,Core,Norway,280613,4,rural,2,0,,1,,,,,,,,3,,,,,,
Vestlandet,142,NOR,Core,Norway,882020,5,town,4,,,2,,15,,,,1,1,7,,22.5,,,,1.5
Østlandet,110,NOR,Core,Norway,1411940,6,city,6,2,1,3,,5,,,,,4,6,,8,,,,
Oman,294,OMA,Core,Oman,369450,2,rural,2,1,,1,2,,,,,,,3,2.4,,,,,
Panamá,304,PAN,Core,Panama,468030,4,town,4,1,,2,1,,,,,,1,5,1.4,,,,,
ChacoBoreal,688,PAR,Core,Paraguay,45956,2,pastoral,1,,,,,,,3,2,,,,,,,3.6,2.4,
Paraguay,301,PAR,Core,Paraguay,891187,4,town,4,1,,3,,,,,,,1,,,,,,,
Arequipa,492,PRU,Core,Peru,1603233,3,rural,2,,,1,,,,2,,,1,,,,,2.6,,
Lima,303,PRU,Core,Peru,3567599,3,large_city,8,1,,6,14,,,,,,3,5,18.2,,,,,
Loreto,491,PRU,Core,Peru,176842,3,pastoral,1,,,,,,,,,,,,,,,,,
Pastaza,490,PRU,Core,Peru,70105,3,pastoral,1,,,1,,,,,,,1,,,,,,,
Ucayali,494,PRU,Core,Peru,736724,3,rural,2,,,,,,,,,,,,,,,,,
Cebu,628,PHI,Core,Philippines,3530019,3,rural,2,,,,,,,,,,,1,,,,,,
Centralislands,624,PHI,Core,Philippines,1292248,3,town,4,,,1,,,,,,,,,,,,,,
Luzon,623,PHI,Core,Philippines,2013110,4,city,6,,,1,,,1,,,,,2,,,1.4,,,
Manila,327,PHI,Core,Philippines,3553016,5,town,4,1,,3,,,,,,,6,5,,,,,,
Mindanao,627,PHI,Core,Philippines,1498335,3,rural,2,,,,,,,,,,,1,,,,,,
Palawan,626,PHI,Core,Philippines,83142,3,rural,2,,,,,,,,,,,1,,,,,,
Samar,625,PHI,Core,Philippines,1140114,3,rural,2,,,,,,,,,,,,,,,,,
Białystok,97,POL,Core,Poland,1158613,5,rural,2,,,1,,,,,,,3,,,,,,,
Danzig,85,POL,Core,Poland,1081418,6,city,6,2,1,1,,,,,,,3,5,,,,,,
Katowice,762,POL,Core,Poland,1001221,6,city,6,,,1,,7,,,19,,,,,11.2,,,30.4,
Kielce,90,POL,Core,Poland,1837941,6,town,4,,,,,,,,8,,,,,,,,12.8,
Krakow,88,POL,Core,Poland,3697308,6,large_city,8,1,,3,3,,,,5,,4,,4.8,,,,8,
Lublin,92,POL,Core,Poland,2467609,5,town,4,,,2,,,,,,,1,,,,,,,
Lwów,91,POL,Core,Poland,3231740,6,city,6,,,3,,,,,,,5,,,,,,,
Nowogródek,95,POL,Core,Poland,1600852,5,rural,2,,,,,,,,,,3,,,,,,,
Polesie,94,POL,Core,Poland,1233704,3,rural,2,,,,,,,,,,,,,,,,,
Poznan,86,POL,Core,Poland,2109071,6,city,6,,,1,,,,,,,3,,,,,,,
Płock,98,POL,Core,Poland,1413824,6,rural,2,,,,,,,,,,,,,,,,,
Stanisławów,89,POL,Core,Poland,2182961,5,town,4,,,,,,,,,,3,,,,,,,
Warszawa,10,POL,Core,Poland,3092771,7,large_city,8,6,,2,,,,,,,5,,,,,,,
Wilejka,96,POL,Core,Poland,726886,4,rural,2,,,,,,,,,,,,,,,,,
Wilno,784,POL,Core,Poland,517712,5,rural,2,,,1,,,,,,,5,,,,,,,
Wołyn,93,POL,Core,Poland,1988024,5,town,4,,,,,,,,,,,,,,,,,
Łódz,87,POL,Core,Poland,2635213,6,town,4,,,2,,,,,,,,,,,,,,
Azores,698,POR,Core,Portugal,212271,3,small_island,1,,,,,,,,,,,3,,,,,,
Beja,179,POR,Core,Portugal,778845,5,rural,2,,,3,,,,,,,,2,,,,,,
CapeVerde,702,POR,Colony,Portugal,150784,3,small_island,1,,,,,,,,,,,1,,,,,,
Goa,321,POR,Occupied,Portugal,534604,5,enclave,0,,,,,,,,,,,1,,,,,,
Guarda,181,POR,Core,Portugal,965878,4,town,4,,,2,,,,150,,,,,,,,210,,
Lisbon,112,POR,Core,Portugal,1998236,6,city,6,2,2,2,,,,50,,,5,8,,,,80,,
Macau,729,POR,Occupied,Portugal,157998,4,enclave,0,,,,,,,,,,,1,,,,,,
Madeira,697,POR,Core,Portugal,211858,3,small_island,1,,,,,,,,,,,1,,,,,,
Mozambique,544,POR,Occupied,Portugal,4130035,3,rural,2,,,1,,,,,,,,2,,,,,,
NorthAngola,796,POR,Occupied,Portugal,25031,1,rural,2,,,,,,,,,,,1,,,,,,
Porto,180,POR,Core,Portugal,1906925,5,large_town,5,,1,2,,,,,,,,3,,,,,,
PortugueseGuinea,296,POR,Occupied,Portugal,365345,2,enclave,0,,,,,,1,,,,,1,,,1.2,,,
PortugueseTimor,721,POR,Colony,Portugal,456160,3,pastoral,1,,,,,,,,,,,1,,,,,,
Santarém,795,POR,Core,Portugal,730603,6,rural,2,,,2,,,,,,20,,,,,,,,32
SaoTome,705,POR,Colony,Portugal,24755,2,tiny_island,0,,,,,,,,,,,1,,,,,,
SouthAngola,540,POR,Occupied,Portugal,3203906,1,rural,2,,,,,,1,,,,,1,,,1.1,,,
Heilungkiang,714,MAN,Core,Manchukuo,3698701,4,pastoral,1,,,,,,,,,,,,,,,,,
Hulunbuir,761,MAN,Core,Manchukuo,2002441,4,pastoral,1,,,,,,,,,,,,,,,,,
Jehol ,610,MAN,Core, Manchukuo ,1977788,4, pastoral ,1,  ,  ,  ,  ,  ,  ,  ,  ,  ,  , ,,,,,,
 Kirin ,328,MAN,Core, Manchukuo ,7545466,4, rural ,2,  ,  ,  ,  ,7,  ,  ,  ,  ,  , ,,9.8,,,,
 Liaoning ,715,MAN,Core, Manchukuo ,3647820,3, town ,4,1,  ,1,  ,  ,  ,  ,  ,  ,  , ,,,,,,
 Liaotung ,716,MAN,Core, Manchukuo ,10277150,4, city ,6,2,  ,1,  ,  ,  ,  ,27,  ,5,3,,,,,37.8,
 Sungkiang ,717,MAN,Core, Manchukuo ,5230551,3, pastoral ,1,  ,  ,  ,  ,  ,  ,  ,  ,  ,  , ,,,,,,
 North Borneo ,333,MAL,Core, British Malaya ,890886,3, rural ,2,  ,  ,  ,12,  ,40,  ,  ,  ,  ,3,15.6,,52,,,
 Singapore ,336,MAL,Core, British Malaya ,2896732,3, large_town ,5,  ,  ,1,  ,15,342,189,20,  ,6,14,,19.5,444.6,245.7,26,
 Banat ,82,ROM,Core, Romania ,942649,5, rural ,2,  ,  ,2,  ,4,  ,  ,  ,  ,  , ,,6,,,,
 Bessarabia ,78,ROM,Core, Romania ,2299604,4, town ,4,  ,  ,  ,  ,  ,  ,  ,  ,  ,2, ,,,,,,
 Bucovina ,80,ROM,Core, Romania ,475179,6, rural ,2,1,  ,  ,  ,  ,  ,  ,  ,  ,  , ,,,,,,
 Crisana ,83,ROM,Core, Romania ,633673,5, town ,4,1,  ,1,  ,  ,  ,  ,  ,  ,  , ,,,,,,
 Dobrudja ,77,ROM,Core, Romania ,378461,5, rural ,2,  ,  ,2,  ,  ,  ,  ,  ,  ,  , ,,,,,,
 Moldova ,79,ROM,Core, Romania ,2809826,5, rural ,2,  ,  ,1,  ,  ,  ,  ,  ,  ,2, ,,,,,,
 Muntenia ,46,ROM,Core, Romania ,4466846,6, city ,6,4,1,1,44,  ,  ,  ,  ,  ,3,9,70.4,,,,,
 North Transylvania ,76,ROM,Core, Romania ,2355572,4, town ,4,  ,  ,1,  ,  ,  ,  ,  ,  ,  , ,,,,,,
 Oltenia ,81,ROM,Core, Romania ,1521155,5, rural ,2,  ,  ,2,  ,  ,  ,  ,  ,  ,  , ,,,,,,
 Southern Bessarabia ,766,ROM,Core, Romania ,567292,4, rural ,2,  ,1,  ,  ,  ,  ,  ,  ,  ,  ,3,,,,,,
 Transylvania ,84,ROM,Core, Romania ,1624280,4, town ,4,1,  ,1,  ,  ,  ,  ,3,  ,  , ,,,,,4.2,
 Hejaz ,679,SAU,Core, Saudi Arabia ,1512844,3, pastoral ,1,  ,  ,  ,  ,  ,  ,  ,  ,  ,  ,5,,,,,,
 Nejd ,292,SAU,Core, Saudi Arabia ,1441758,1, rural ,2,1,  ,1,3,  ,  ,  ,  ,  ,  ,6,3.3,,,,,
 Rub al Khali ,678,SAU,Core, Saudi Arabia ,42,0, wasteland ,0,  ,  ,  ,  ,  ,  ,  ,  ,  ,  , ,,,,,,
 Ordos ,746,SHX,Core, Shanxi ,500610,2, pastoral ,1,  ,  ,  ,  ,  ,  ,  ,  ,  ,  , ,,,,,,
 Shanxi ,615,SHX,Core, Shanxi ,11615161,3, town ,4,2,  ,2,  ,  ,  ,  ,  ,  ,  , ,,,,,,
 Suiyuan ,621,SHX,Core, Shanxi ,1585633,2, pastoral ,1,  ,  ,1,  ,  ,  ,  ,  ,  ,  , ,,,,,,
 Northern Malay ,724,SIA,Core, Siam ,2044192,3, rural ,2,  ,  ,  ,  ,  ,40,  ,  ,  ,  , ,,,52,,,
 Siam ,289,SIA,Core, Siam ,12437564,3, city ,6,1,  ,5,  ,  ,8,2,  ,  ,3,3,,,10.4,2.6,,
 Dabancheng ,760,SIK,Core, Sinkiang ,700854,3, rural ,2,1,  ,  ,  ,  ,  ,  ,  ,  ,  , ,,,,,,
 Dzungaria ,618,SIK,Core, Sinkiang ,671619,3, pastoral ,1,  ,  ,1,  ,  ,  ,  ,  ,  ,  , ,,,,,,
 Kunlun Shan ,759,SIK,Core, Sinkiang ,70085,1, wasteland ,0,  ,  ,  ,  ,  ,  ,  ,  ,  ,  , ,,,,,,
 Taklamakan ,287,SIK,Core, Sinkiang ,408498,1, wasteland ,0,  ,  ,  ,  ,  ,  ,  ,  ,  ,  , ,,,,,,
 Urumqi ,617,SIK,Core, Sinkiang ,1081819,3, rural ,2,  ,  ,2,  ,  ,  ,  ,  ,  ,  , ,,,,,,
 Yarkand ,619,SIK,Core, Sinkiang ,1432446,3, pastoral ,1,  ,  ,1,  ,2,  ,  ,  ,2,  , ,,2.6,,,,2.6
 Cape ,681,SAF,Core, South Africa ,1639177,5, town ,4,  ,  ,2,  ,  ,  ,  ,  ,  ,1,4,,,,,,
 Natal ,719,SAF,Core, South Africa ,3966994,5, city ,6,  ,  ,2,  ,  ,  ,  ,  ,60,1,4,,,,,,90
 South West Africa ,541,SAF,Core, South Africa ,462564,3, wasteland ,0,  ,  ,  ,  ,  ,  ,  ,  ,  ,  , ,,,,,,
 Transvaal ,275,SAF,Core, South Africa ,3684856,5, city ,6,1,  ,5,  ,  ,  ,  ,5,53,3, ,,,,,7.5,79.5
 Akhtubinsk ,402,SOV,Core, Soviet Union ,282590,3, rural ,2,  ,  ,  ,  ,  ,  ,  ,  ,15,  , ,,,,,,19.5
 Akmolinsk ,590,SOV,Core, Soviet Union ,981730,4, pastoral ,1,  ,  ,  ,  ,  ,  ,  ,  ,  ,  , ,,,,,,
 Alma-Ata ,586,SOV,Core, Soviet Union ,2566533,3, city ,6,  ,  ,3,  ,10,  ,4,20,12,  , ,,13,,5.2,26,15.6
 Amur ,561,SOV,Core, Soviet Union ,454836,3, rural ,2,1,  ,  ,  ,  ,  ,  ,  ,  ,  , ,,,,,,
 Arkhangelsk ,214,SOV,Core, Soviet Union ,1052166,2, town ,4,  ,  ,1,  ,  ,  ,  ,  ,  ,3,3,,,,,,
 Armenia ,230,SOV,Core, Soviet Union ,1251608,3, town ,4,  ,  ,2,  ,  ,  ,  ,  ,  ,2, ,,,,,,
 Ashkhabad ,584,SOV,Core, Soviet Union ,1065822,2, pastoral ,1,  ,  ,1,  ,  ,  ,  ,  ,  ,  , ,,,,,,
 Astrakhan ,236,SOV,Core, Soviet Union ,647998,3, rural ,2,  ,  ,  ,  ,  ,  ,  ,  ,  ,1, ,,,,,,
 Ayaguz ,589,SOV,Core, Soviet Union ,535844,3, pastoral ,1,  ,  ,1,  ,  ,  ,  ,  ,  ,  , ,,,,,,
 Azerbaijan ,229,SOV,Core, Soviet Union ,2884566,4, large_town ,5,  ,  ,1,70,  ,  ,  ,  ,  ,1, ,98,,,,,
 Barnaul ,40,SOV,Core, Soviet Union ,2110024,2, large_town ,5,  ,  ,1,  ,  ,  ,  ,  ,  ,  , ,,,,,,
 Belgorod ,240,SOV,Core, Soviet Union ,1366203,5, town ,4,  ,  ,  ,  ,  ,  ,  ,  ,  ,  , ,,,,,,
 Birobidzhan ,657,SOV,Core, Soviet Union ,308756,3, pastoral ,1,  ,  ,  ,  ,  ,  ,  ,18,  ,2, ,,,,,23.4,
 Bobruysk ,204,SOV,Core, Soviet Union ,1042355,5, rural ,2,  ,  ,  ,  ,  ,  ,  ,  ,  ,  , ,,,,,,
 Bodaybo ,565,SOV,Core, Soviet Union ,195563,1, rural ,2,  ,  ,  ,  ,  ,  ,  ,10,5,  , ,,,,,11,5.5
 Bratsk ,567,SOV,Core, Soviet Union ,410684,3, rural ,2,  ,  ,  ,  ,26,  ,  ,  ,  ,  , ,,33.8,,,,
 Bryansk ,224,SOV,Core, Soviet Union ,1709651,5, town ,4,  ,  ,  ,  ,  ,  ,  ,  ,  ,2, ,,,,,,
 Caucasus Mountains ,233,SOV,Core, Soviet Union ,1465757,3, rural ,2,  ,  ,  ,  ,  ,  ,  ,  ,35,  , ,,,,,,45.5
 Cheboksary ,256,SOV,Core, Soviet Union ,1573980,4, town ,4,  ,  ,  ,  ,  ,  ,  ,  ,  ,  , ,,,,,,
 Chelyabinsk ,572,SOV,Core, Soviet Union ,2077465,6, town ,4,  ,  ,1,  ,  ,  ,  ,  ,  ,  , ,,,,,,
 Cherkasy ,203,SOV,Core, Soviet Union ,2408126,5, large_town ,5,  ,  ,1,  ,  ,  ,  ,  ,  ,  , ,,,,,,
 Chernigov ,193,SOV,Core, Soviet Union ,1375314,5, city ,6,  ,  ,  ,  ,  ,  ,  ,  ,  ,8, ,,,,,,
 Chita ,563,SOV,Core, Soviet Union ,1045585,3, rural ,2,  ,  ,  ,  ,  ,  ,  ,9,8,2, ,,,,,11.7,10.4
 Crimea ,137,SOV,Core, Soviet Union ,1062903,5, city ,6,  ,1,  ,  ,  ,  ,  ,  ,  ,3,11,,,,,,
 Dnipropetrovsk ,226,SOV,Core, Soviet Union ,2393966,5, town ,4,  ,  ,2,4,  ,  ,  ,  ,  ,2, ,6,,,,,
 Elista ,237,SOV,Core, Soviet Union ,169827,2, rural ,2,  ,  ,  ,  ,  ,  ,  ,  ,  ,  , ,,,,,,
 Engels ,401,SOV,Core, Soviet Union ,928928,4, rural ,2,  ,  ,  ,  ,  ,  ,16,24,  ,  , ,,,,22.4,33.6,
 Georgia ,231,SOV,Core, Soviet Union ,2953013,3, town ,4,  ,  ,2,  ,  ,  ,  ,  ,  ,3,2,,,,,,
 Gomel ,241,SOV,Core, Soviet Union ,944574,5, rural ,2,  ,  ,  ,  ,  ,  ,  ,  ,  ,3, ,,,,,,
 Gorki ,252,SOV,Core, Soviet Union ,3382300,5, city ,6,2,  ,  ,  ,  ,  ,  ,  ,  ,1, ,,,,,,
 Gorno-Altaysk ,654,SOV,Core, Soviet Union ,153697,1, wasteland ,0,  ,  ,  ,  ,  ,  ,  ,  ,  ,  , ,,,,,,
 Grozny ,232,SOV,Core, Soviet Union ,1660316,4, rural ,2,  ,  ,  ,19,  ,  ,  ,  ,  ,  , ,26.6,,,,,
 Guryev ,406,SOV,Core, Soviet Union ,146673,1, wasteland ,0,  ,  ,  ,  ,  ,  ,  ,  ,  ,  , ,,,,,,
 Irkutsk ,566,SOV,Core, Soviet Union ,756159,4, rural ,2,1,  ,  ,  ,7,  ,  ,20,  ,1, ,,9.8,,,28,
 Ivanovo ,253,SOV,Core, Soviet Union ,2589144,5, town ,4,  ,  ,  ,  ,  ,  ,  ,  ,  ,  , ,,,,,,
 Izhevsk ,399,SOV,Core, Soviet Union ,1326552,3, rural ,2,  ,  ,  ,  ,  ,  ,  ,  ,18,  , ,,,,,,23.4
 Kalinin ,247,SOV,Core, Soviet Union ,1332836,5, town ,4,  ,  ,  ,  ,  ,  ,  ,  ,  ,2, ,,,,,,
 Kaluga ,205,SOV,Core, Soviet Union ,1122372,5, town ,4,  ,  ,  ,  ,  ,  ,  ,  ,  ,  , ,,,,,,
 Kamchatka ,637,SOV,Core, Soviet Union ,48891,2, wasteland ,0,  ,  ,  ,  ,  ,  ,  ,  ,  ,  ,1,,,,,,
 Kazan ,249,SOV,Core, Soviet Union ,2764662,6, town ,4,1,  ,  ,  ,  ,  ,  ,25,  ,  , ,,,,,40,
 Kemerovo ,569,SOV,Core, Soviet Union ,1569235,3, town ,4,  ,  ,1,  ,  ,  ,  ,  ,  ,  , ,,,,,,
 Khabarovsk ,409,SOV,Core, Soviet Union ,295966,3, rural ,2,  ,  ,1,  ,  ,  ,  ,  ,9,4,1,,,,,,11.7
 Kharkov ,221,SOV,Core, Soviet Union ,2230239,7, city ,6,1,  ,  ,  ,  ,  ,  ,33,  ,5, ,,,,,56.1,
 Kherson ,196,SOV,Core, Soviet Union ,729252,5, rural ,2,  ,  ,  ,  ,  ,  ,  ,  ,15,3, ,,,,,,22.5
 Khmelnytskyi ,199,SOV,Core, Soviet Union ,1425760,5, town ,4,  ,  ,1,  ,  ,  ,  ,  ,  ,3, ,,,,,,
 Kiev ,202,SOV,Core, Soviet Union ,2498398,7, city ,6,2,  ,3,8,7,  ,  ,  ,  ,8, ,13.6,11.9,,,,
 Kirensk ,575,SOV,Core, Soviet Union ,146673,1, wasteland ,0,  ,  ,  ,  ,  ,  ,  ,  ,  ,  , ,,,,,,
 Kirov ,400,SOV,Core, Soviet Union ,2118057,4, town ,4,  ,  ,  ,  ,14,  ,  ,  ,  ,  , ,,19.6,,,,
 Krasnodar ,234,SOV,Core, Soviet Union ,2906915,5, city ,6,  ,  ,1,12,  ,  ,17,  ,  ,  ,3,18,,,25.5,,
 Krasnoyarsk ,568,SOV,Core, Soviet Union ,1728534,3, town ,4,  ,  ,  ,  ,  ,  ,  ,  ,  ,  , ,,,,,,
 Kuibyshev ,251,SOV,Core, Soviet Union ,1393518,5, town ,4,2,  ,  ,  ,  ,  ,  ,  ,  ,1, ,,,,,,
 Kursk ,220,SOV,Core, Soviet Union ,1682137,5, city ,6,  ,  ,  ,  ,  ,  ,  ,  ,  ,1, ,,,,,,
 Kustanay ,583,SOV,Core, Soviet Union ,315835,4, rural ,2,  ,  ,  ,  ,  ,  ,  ,  ,  ,  , ,,,,,,
 Kyzyl Orda ,404,SOV,Core, Soviet Union ,667850,1, wasteland ,0,  ,  ,  ,  ,  ,  ,  ,  ,  ,  , ,,,,,,
 Leningrad ,195,SOV,Core, Soviet Union ,3754736,7, metropolis ,10,6,3,1,  ,  ,  ,  ,  ,  ,10,10,,,,,,
 Lipetsk ,258,SOV,Core, Soviet Union ,1283661,5, town ,4,  ,  ,  ,  ,  ,  ,  ,  ,  ,  , ,,,,,,
 Luga ,208,SOV,Core, Soviet Union ,342236,5, rural ,2,  ,  ,  ,  ,  ,  ,  ,  ,  ,3, ,,,,,,
 Magnitogorsk ,582,SOV,Core, Soviet Union ,1046267,5, rural ,2,  ,  ,  ,6,  ,  ,  ,40,  ,  , ,9,,,,60,
 Mikhaylovka ,265,SOV,Core, Soviet Union ,469353,5, rural ,2,  ,  ,  ,  ,  ,  ,  ,  ,  ,  , ,,,,,,
 Millerovo ,245,SOV,Core, Soviet Union ,762699,5, rural ,2,  ,  ,  ,  ,  ,  ,  ,  ,  ,  , ,,,,,,
 Minsk ,206,SOV,Core, Soviet Union ,1164583,5, city ,6,  ,  ,2,  ,  ,  ,  ,  ,  ,8, ,,,,,,
 Moscow ,219,SOV,Core, Soviet Union ,8346168,8, megalopolis ,12,7,  ,3,  ,  ,  ,  ,16,  ,10, ,,,,,28.8,
 Mozyr ,194,SOV,Core, Soviet Union ,935773,3, rural ,2,  ,  ,  ,  ,  ,  ,  ,  ,  ,3, ,,,,,,
 Murmansk ,213,SOV,Core, Soviet Union ,276088,2, rural ,2,  ,  ,  ,  ,  ,  ,  ,14,12,2,4,,,,,16.8,14.4
 Mykolaiv ,197,SOV,Core, Soviet Union ,897405,5, rural ,2,  ,1,  ,  ,  ,  ,  ,  ,  ,  , ,,,,,,
 Nevel ,210,SOV,Core, Soviet Union ,831146,5, rural ,2,  ,  ,  ,  ,  ,  ,  ,  ,  ,  , ,,,,,,
 Nikolayevsk ,560,SOV,Core, Soviet Union ,97782,3, rural ,2,  ,  ,  ,  ,  ,  ,  ,18,  ,  , ,,,,,23.4,
 North Sakhalin ,655,SOV,Core, Soviet Union ,94875,3, pastoral ,1,  ,  ,  ,  ,  ,  ,  ,  ,  ,1, ,,,,,,
 Northeast Siberia ,644,SOV,Core, Soviet Union ,68447,1, wasteland ,0,  ,  ,  ,  ,  ,  ,  ,  ,  ,  ,1,,,,,,
 Northern Urals ,581,SOV,Core, Soviet Union ,48891,1, wasteland ,0,  ,  ,  ,  ,27,  ,  ,  ,40,  , ,,29.7,,,,44
 Northwest Siberia ,516,SOV,Core, Soviet Union ,44002,1, wasteland ,0,  ,  ,  ,  ,  ,  ,  ,  ,  ,  , ,,,,,,
 Novgorod ,263,SOV,Core, Soviet Union ,1093911,5, town ,4,  ,  ,  ,  ,  ,  ,  ,  ,  ,2, ,,,,,,
 Novosibirsk ,570,SOV,Core, Soviet Union ,1767524,4, town ,4,  ,  ,2,  ,  ,  ,  ,  ,  ,1, ,,,,,,
 Odessa ,192,SOV,Core, Soviet Union ,1471780,5, city ,6,  ,  ,1,  ,  ,  ,  ,  ,  ,6,3,,,,,,
 Okhotsk ,562,SOV,Core, Soviet Union ,127116,1, wasteland ,0,  ,  ,  ,  ,  ,  ,  ,  ,  ,  , ,,,,,,
 Olonets ,216,SOV,Core, Soviet Union ,229844,4, rural ,2,  ,  ,  ,  ,  ,  ,  ,  ,  ,3, ,,,,,,
 Omsk ,571,SOV,Core, Soviet Union ,1318765,4, town ,4,1,  ,  ,  ,  ,  ,  ,  ,  ,  , ,,,,,,
 Onega ,215,SOV,Core, Soviet Union ,215120,3, rural ,2,  ,  ,  ,  ,  ,  ,  ,30,  ,  , ,,,,,39,
 Orel ,222,SOV,Core, Soviet Union ,1220095,5, rural ,2,  ,  ,1,  ,  ,  ,  ,40,8,4, ,,,,,60,12
 Orenburg ,652,SOV,Core, Soviet Union ,1227366,4, city ,6,  ,  ,  ,  ,  ,  ,  ,20,  ,  , ,,,,,28,
 Pamir ,732,SOV,Core, Soviet Union ,230281,1, wasteland ,0,  ,  ,  ,  ,  ,  ,  ,  ,  ,  , ,,,,,,
 Pechora ,262,SOV,Core, Soviet Union ,43643,1, rural ,2,  ,  ,  ,7,  ,  ,  ,  ,  ,  ,1,7.7,,,,,
 Penza ,255,SOV,Core, Soviet Union ,2345797,4, town ,4,  ,  ,  ,  ,  ,  ,  ,  ,  ,  , ,,,,,,
 Perm ,398,SOV,Core, Soviet Union ,2138486,6, rural ,2,1,  ,  ,  ,6,  ,  ,  ,  ,  , ,,9.6,,,,
 Poltava ,259,SOV,Core, Soviet Union ,1444345,5, rural ,2,  ,  ,  ,  ,  ,  ,  ,  ,  ,  , ,,,,,,
 Pskov ,209,SOV,Core, Soviet Union ,640368,6, town ,4,  ,  ,  ,  ,  ,  ,  ,  ,  ,4, ,,,,,,
 Roslavl ,243,SOV,Core, Soviet Union ,576913,5, rural ,2,  ,  ,  ,  ,  ,  ,  ,  ,  ,2, ,,,,,,
 Rostov ,218,SOV,Core, Soviet Union ,1502908,5, city ,6,1,  ,1,  ,  ,  ,  ,  ,  ,3,5,,,,,,
 Ryazan ,254,SOV,Core, Soviet Union ,1826347,5, town ,4,  ,  ,  ,  ,  ,  ,  ,  ,  ,  , ,,,,,,
 Rzhev ,246,SOV,Core, Soviet Union ,1026710,5, rural ,2,  ,  ,  ,  ,  ,  ,  ,16,  ,  , ,,,,,24,
 Salekhard ,579,SOV,Core, Soviet Union ,45540,1, wasteland ,0,  ,  ,  ,  ,  ,  ,  ,  ,  ,  , ,,,,,,
 Saratov ,239,SOV,Core, Soviet Union ,1227585,6, town ,4,  ,  ,1,  ,  ,  ,  ,  ,  ,  , ,,,,,,
 Semipalatinsk ,588,SOV,Core, Soviet Union ,660028,4, rural ,2,  ,  ,  ,  ,  ,  ,  ,  ,16,  , ,,,,,,22.4
 Smolensk ,242,SOV,Core, Soviet Union ,1301615,5, large_town ,5,  ,  ,1,  ,  ,  ,  ,  ,  ,5, ,,,,,,
 Stalinabad ,742,SOV,Core, Soviet Union ,230281,1, wasteland ,0,  ,  ,  ,  ,  ,  ,  ,  ,  ,  , ,,,,,,
 Stalingrad ,217,SOV,Core, Soviet Union ,1136456,7, city ,6,1,  ,1,  ,  ,  ,  ,  ,  ,1, ,,,,,,
 Stalino ,227,SOV,Core, Soviet Union ,3771935,5, city ,6,  ,  ,  ,  ,  ,  ,  ,  ,  ,  , ,,,,,,
 Stavropol ,235,SOV,Core, Soviet Union ,1318123,4, rural ,2,  ,  ,  ,  ,  ,  ,  ,  ,14,2, ,,,,,,19.6
 Sumy ,225,SOV,Core, Soviet Union ,1339914,5, town ,4,  ,  ,  ,  ,  ,  ,  ,  ,  ,  , ,,,,,,
 Surgut ,577,SOV,Core, Soviet Union ,29335,1, wasteland ,0,  ,  ,  ,13,  ,  ,  ,  ,  ,  , ,14.3,,,,,
 Sverdlovsk ,653,SOV,Core, Soviet Union ,2164289,6, city ,6,2,  ,1,  ,  ,  ,  ,  ,  ,1, ,,,,,,
 Syktyvkar ,397,SOV,Core, Soviet Union ,137370,2, wasteland ,0,  ,  ,  ,  ,  ,  ,  ,  ,  ,  , ,,,,,,
 Tambov ,257,SOV,Core, Soviet Union ,1781755,4, rural ,2,  ,  ,  ,  ,  ,  ,  ,  ,7,  , ,,,,,,9.8
 Tashkent ,405,SOV,Core, Soviet Union ,6283481,5, city ,6,  ,  ,3,  ,  ,  ,  ,  ,  ,1, ,,,,,,
 Tikhvin ,264,SOV,Core, Soviet Union ,185786,4, rural ,2,  ,  ,  ,  ,  ,  ,  ,  ,  ,1, ,,,,,,
 Tobolsk ,580,SOV,Core, Soviet Union ,88234,1, wasteland ,0,  ,  ,  ,  ,  ,  ,  ,  ,  ,  , ,,,,,,
 Tomsk ,578,SOV,Core, Soviet Union ,610048,3, rural ,2,  ,  ,  ,  ,  ,  ,  ,  ,  ,  , ,,,,,,
 Tula ,223,SOV,Core, Soviet Union ,1637546,5, town ,4,2,  ,  ,  ,  ,  ,  ,  ,  ,1, ,,,,,,
 Tyumen ,403,SOV,Core, Soviet Union ,940213,3, rural ,2,  ,  ,  ,  ,  ,  ,  ,  ,  ,  , ,,,,,,
 Ufa ,651,SOV,Core, Soviet Union ,2555190,5, city ,6,  ,  ,1,  ,  ,  ,  ,  ,  ,  , ,,,,,,
 Ulan Ude ,564,SOV,Core, Soviet Union ,371346,4, rural ,2,  ,  ,  ,  ,4,  ,10,10,12,  , ,,5.6,,14,14,16.8
 Ulyanovsky ,250,SOV,Core, Soviet Union ,1632514,4, town ,4,  ,  ,1,  ,  ,  ,  ,14,  ,  , ,,,,,19.6,
 Ural'sk ,407,SOV,Core, Soviet Union ,268900,3, rural ,2,  ,  ,  ,  ,  ,  ,  ,  ,  ,  , ,,,,,,
 Urgench ,585,SOV,Core, Soviet Union ,1034983,3, rural ,2,  ,  ,  ,  ,  ,  ,  ,  ,  ,  , ,,,,,,
 Ust Urt ,587,SOV,Core, Soviet Union ,245432,1, rural ,2,  ,  ,  ,  ,  ,  ,  ,  ,  ,  , ,,,,,,
 Vinnytsia ,198,SOV,Core, Soviet Union ,1895702,5, large_town ,5,  ,  ,  ,  ,  ,  ,  ,  ,  ,3, ,,,,,,
 Vitebsk ,207,SOV,Core, Soviet Union ,1219341,5, town ,4,  ,  ,  ,  ,  ,  ,  ,  ,  ,5, ,,,,,,
 Vladivostok ,408,SOV,Core, Soviet Union ,842492,4, town ,4,  ,1,  ,  ,  ,  ,  ,  ,20,5,8,,,,,,28
 Volgodonsk ,238,SOV,Core, Soviet Union ,557357,4, rural ,2,  ,  ,  ,  ,  ,  ,  ,  ,  ,  , ,,,,,,
 Volkhov ,244,SOV,Core, Soviet Union ,195563,5, rural ,2,  ,  ,  ,  ,  ,  ,  ,  ,  ,  , ,,,,,,
 Vologda ,351,SOV,Core, Soviet Union ,2354971,3, town ,4,  ,  ,  ,  ,  ,  ,  ,  ,  ,  , ,,,,,,
 Voronezh ,260,SOV,Core, Soviet Union ,2571118,5, town ,4,1,  ,  ,  ,  ,  ,  ,  ,  ,  , ,,,,,,
 Voroshilovgrad ,228,SOV,Core, Soviet Union ,2170057,5, town ,4,  ,  ,  ,  ,  ,  ,  ,  ,  ,  , ,,,,,,
 Yakutsk ,574,SOV,Core, Soviet Union ,408364,2, wasteland ,0,  ,  ,  ,  ,  ,  ,  ,  ,  ,1, ,,,,,,
 Yaroslavl ,248,SOV,Core, Soviet Union ,1666573,5, large_town ,5,  ,  ,1,  ,  ,  ,  ,  ,  ,1, ,,,,,,
 Yeniseisk ,576,SOV,Core, Soviet Union ,117338,1, wasteland ,0,  ,  ,  ,  ,  ,  ,  ,  ,  ,  , ,,,,,,
 Zaporozhe ,200,SOV,Core, Soviet Union ,1295662,5, town ,4,  ,  ,  ,  ,  ,  ,  ,  ,  ,3, ,,,,,,
 Zhytomyr ,201,SOV,Core, Soviet Union ,1419565,5, town ,4,  ,  ,  ,  ,  ,  ,  ,  ,  ,3, ,,,,,,
 Zlatoust ,573,SOV,Core, Soviet Union ,557357,4, pastoral ,1,  ,  ,  ,  ,  ,  ,  ,  ,23,  , ,,,,,,32.2
 Asturias ,790,SPR,Core, Spain ,1198713,6, large_town ,5,1,  ,1,  ,  ,  ,  ,  ,  ,  ,2,,,,,,
 Burgos ,176,SPR,Core, Spain ,740663,6, rural ,2,  ,  ,1,  ,  ,  ,  ,  ,  ,  , ,,,,,,
 Cataluña ,165,SPR,Core, Spain ,3040244,7, large_city ,8,1,  ,1,  ,  ,  ,  ,  ,  ,2,4,,,,,,
 Ciudad Real ,175,SPR,Core, Spain ,527546,6, rural ,2,  ,  ,1,  ,  ,  ,  ,  ,  ,  , ,,,,,,
 Córdoba ,789,SPR,Core, Spain ,1430257,6, town ,4,  ,  ,1,  ,  ,  ,  ,  ,  ,  , ,,,,,,
 Eastern Aragón ,794,SPR,Core, Spain ,387839,6, pastoral ,1,  ,  ,  ,  ,  ,  ,  ,  ,  ,  , ,,,,,,
 Equatorial Guinea ,297,SPR,Occupied, Spain ,185226,2, enclave ,0,  ,  ,  ,  ,  ,  ,  ,  ,  ,  ,2,,,,,,
 Extremadura ,170,SPR,Core, Spain ,1419383,5, town ,4,  ,  ,1,  ,  ,  ,4,  ,  ,  , ,,,,6,,
 Galicia ,171,SPR,Core, Spain ,2297887,6, city ,6,1,2,  ,  ,  ,  ,  ,  ,  ,2,6,,,,,,
 Granada ,173,SPR,Core, Spain ,1664321,6, city ,6,  ,  ,2,  ,  ,  ,  ,8,  ,4,3,,,,,12.8,
 Guadalajara ,793,SPR,Core, Spain ,528341,6, rural ,2,  ,  ,1,  ,  ,  ,  ,  ,  ,  , ,,,,,,
 Islas Baleares ,177,SPR,Core, Spain ,365946,6, rural ,2,  ,  ,  ,  ,  ,  ,  ,  ,  ,1,3,,,,,,
 Islas Canarias ,178,SPR,Core, Spain ,562032,3, small_island ,1,  ,  ,  ,  ,  ,  ,  ,  ,  ,  ,1,,,,,,
 León ,174,SPR,Core, Spain ,749955,6, rural ,2,  ,  ,1,  ,  ,  ,10,  ,  ,  , ,,,,16,,
 Madrid ,41,SPR,Core, Spain ,2067179,6, city ,6,2,  ,2,  ,1,  ,  ,  ,  ,6, ,,1.6,,,,
 Murcia ,168,SPR,Core, Spain ,1008835,5, town ,4,  ,1,  ,  ,  ,  ,  ,  ,  ,2,8,,,,,,
 Navarra ,172,SPR,Core, Spain ,360319,6, pastoral ,1,  ,  ,  ,  ,  ,  ,  ,  ,  ,  , ,,,,,,
 País Vasco ,792,SPR,Core, Spain ,929227,6, town ,4,1,  ,1,  ,  ,  ,  ,8,  ,1,1,,,,,12.8,
 Rio de Oro ,699,SPR,Occupied, Spain ,21082,1, wasteland ,0,  ,  ,  ,  ,  ,  ,  ,  ,  ,  ,1,,,,,,
 Salamanca ,788,SPR,Core, Spain ,365046,5, pastoral ,1,  ,  ,  ,  ,  ,  ,10,  ,  ,  , ,,,,15,,
 Sevilla ,169,SPR,Core, Spain ,1748782,6, large_town ,5,1,  ,1,  ,  ,  ,  ,  ,  ,3,5,,,,,,
 Sidi Ifni ,783,SPR,Occupied, Spain ,11056,1, pastoral ,1,  ,  ,  ,  ,  ,  ,  ,  ,  ,  ,1,,,,,,
 Spanish Africa ,290,SPR,Occupied, Spain ,744908,3, rural ,2,  ,  ,  ,  ,  ,  ,  ,23,  ,3,6,,,,,29.9,
 Valencia ,167,SPR,Core, Spain ,1981710,6, large_town ,5,  ,1,  ,  ,  ,  ,  ,  ,  ,3,5,,,,,,
 Valladolid ,791,SPR,Core, Spain ,714499,6, rural ,2,  ,  ,1,  ,  ,  ,10,  ,  ,  , ,,,,16,,
 Western Aragón ,166,SPR,Core, Spain ,669181,6, town ,4,  ,  ,1,  ,  ,  ,  ,15,  ,3, ,,,,,24,
 Gotland ,124,SWE,Core, Sweden ,57058,6, small_island ,1,  ,  ,  ,  ,  ,  ,  ,  ,  ,  ,1,,,,,,
 Lappland ,666,SWE,Core, Sweden ,415834,4, rural ,2,  ,  ,1,  ,  ,  ,40,50,25,  ,2,,,,56,70,35
 Norrland ,38,SWE,Core, Sweden ,933093,4, town ,4,  ,  ,1,  ,  ,  ,  ,40,  ,3,1,,,,,56,
 Scania ,138,SWE,Core, Sweden ,1048980,5, city ,6,  ,1,1,  ,  ,  ,  ,  ,  ,  ,10,,,,,,
 Småland ,139,SWE,Core, Sweden ,919714,5, town ,4,  ,  ,2,  ,  ,  ,  ,7,  ,2,1,,,,,10.5,
 Svealand ,141,SWE,Core, Sweden ,1489998,7, city ,6,2,1,3,  ,2,  ,  ,24,  ,6,5,,3.4,,,40.8,
 Västergötland ,140,SWE,Core, Sweden ,1284393,6, city ,6,1,1,1,  ,  ,  ,  ,6,  ,1,5,,,,,9.6,
 Eastern Switzerland ,151,SWI,Core, Switzerland ,1856975,6, city ,6,  ,  ,3,  ,15,  ,  ,  ,  ,  , ,,24,,,,
 Switzerland ,3,SWI,Core, Switzerland ,2214389,6, large_city ,8,4,  ,4,  ,18,  ,  ,  ,  ,4, ,,28.8,,,,
 Tannu Tuva ,329,TAN,Core, Tannu Tuva ,85104,2, rural ,2,1,  ,1,  ,  ,  ,  ,  ,2,  , ,,,,,,2.4
 Nagqu ,322,TIB,Core, Tibet ,1724102,1, pastoral ,1,  ,  ,1,  ,  ,  ,2,  ,  ,  , ,,,,2.2,,
 Ngari ,758,TIB,Core, Tibet ,1001221,1, pastoral ,1,  ,  ,  ,  ,  ,  ,  ,  ,  ,  , ,,,,,,
 Shigatse ,757,TIB,Core, Tibet ,1001221,1, rural ,2,1,  ,1,  ,  ,  ,  ,  ,  ,  , ,,,,,,
 Afyon ,343,TUR,Core, Turkey ,1300128,3, rural ,2,  ,  ,1,  ,  ,  ,  ,  ,25,  , ,,,,,,32.5
 Amasya ,798,TUR,Core, Turkey ,531820,3, rural ,2,  ,  ,  ,  ,  ,  ,  ,  ,  ,  , ,,,,,,
 Ankara ,49,TUR,Core, Turkey ,811273,4, town ,4,2,  ,2,  ,  ,  ,  ,28,11,3, ,,,,,39.2,15.4
 Antalya ,342,TUR,Core, Turkey ,363132,3, rural ,2,  ,  ,1,  ,  ,  ,  ,  ,35,  ,4,,,,,,45.5
 Bursa ,340,TUR,Core, Turkey ,1079169,4, town ,4,  ,1,1,  ,  ,  ,  ,  ,39,  , ,,,,,,54.6
 Diyarbakır ,350,TUR,Core, Turkey ,572633,3, town ,4,  ,  ,  ,  ,  ,  ,  ,  ,  ,2, ,,,,,,
 Edirne ,341,TUR,Core, Turkey ,364391,3, town ,4,  ,  ,1,  ,  ,  ,  ,  ,  ,  ,3,,,,,,
 Hakkari ,352,TUR,Core, Turkey ,262415,2, rural ,2,  ,  ,  ,  ,  ,  ,  ,  ,  ,  , ,,,,,,
 Istanbul ,797,TUR,Core, Turkey ,1043548,5, city ,6,2,  ,2,  ,  ,  ,  ,  ,  ,4,8,,,,,,
 Izmir ,339,TUR,Core, Turkey ,1403600,4, large_town ,5,  ,  ,1,  ,  ,  ,  ,  ,50,2,5,,,,,,70
 Izmit ,347,TUR,Core, Turkey ,808646,3, rural ,2,  ,  ,1,  ,  ,  ,  ,9,19,  ,2,,,,,11.7,24.7
 Kastamonu ,356,TUR,Core, Turkey ,861640,3, rural ,2,  ,  ,  ,  ,  ,  ,  ,  ,  ,  ,1,,,,,,
 Kayseri ,348,TUR,Core, Turkey ,859500,3, rural ,2,  ,  ,  ,  ,  ,  ,  ,  ,32,  , ,,,,,,41.6
 Konya ,346,TUR,Core, Turkey ,850490,3, rural ,2,  ,  ,  ,  ,  ,  ,  ,  ,  ,5, ,,,,,,
 Malatya ,344,TUR,Core, Turkey ,1083102,4, town ,4,  ,  ,1,  ,  ,  ,  ,  ,  ,  ,3,,,,,,
 Mersin ,345,TUR,Core, Turkey ,412301,3, rural ,2,  ,  ,  ,  ,  ,  ,  ,  ,  ,  , ,,,,,,
 Samsun ,355,TUR,Core, Turkey ,1153269,3, rural ,2,  ,  ,  ,  ,  ,  ,  ,  ,  ,  ,3,,,,,,
 Sivas ,349,TUR,Core, Turkey ,593545,3, rural ,2,  ,  ,  ,  ,  ,  ,  ,  ,  ,  , ,,,,,,
 Trabzon ,354,TUR,Core, Turkey ,1032388,4, town ,4,  ,  ,  ,  ,  ,  ,  ,  ,  ,  ,2,,,,,,
 Tunceli ,353,TUR,Core, Turkey ,524176,2, rural ,2,  ,  ,  ,  ,  ,  ,  ,  ,  ,  , ,,,,,,
 Van ,800,TUR,Core, Turkey ,365936,2, rural ,2,  ,  ,  ,  ,  ,  ,  ,  ,  ,  , ,,,,,,
 Aberdeenshire ,136,ENG,Core, United Kingdom ,746376,6, town ,4,  ,2,  ,  ,3,  ,4,  ,  ,  , ,,4.8,,6.4,,
 Abu Dhabi ,658,ENG,Occupied, United Kingdom ,170408,2, pastoral ,1,  ,  ,  ,5,  ,  ,  ,  ,  ,  ,3,6,,,,,
 Aden ,659,ENG,Occupied, United Kingdom ,892593,3, pastoral ,1,  ,  ,  ,  ,  ,  ,  ,  ,  ,4,4,,,,,,
 Alexandria ,447,ENG,Occupied, United Kingdom ,3863950,5, town ,4,  ,  ,1,1,  ,  ,  ,  ,  ,6,8,1.5,,,,,
 Andaman ,733,ENG,Colony, United Kingdom ,29536,3, small_island ,1,  ,  ,  ,  ,  ,  ,  ,  ,  ,  ,2,,,,,,
 Ascension ,703,ENG,Colony, United Kingdom ,459,1, tiny_island ,0,  ,  ,  ,  ,  ,  ,  ,  ,  ,  ,1,,,,,,
 Aswan ,456,ENG,Occupied, United Kingdom ,4229673,4, rural ,2,  ,  ,  ,  ,  ,  ,  ,  ,  ,  , ,,,,,,
 Bechuanaland ,542,ENG,Occupied, United Kingdom ,234286,1, wasteland ,0,  ,  ,  ,  ,  ,  ,  ,  ,90,  , ,,,,,,99
 Bermuda ,696,ENG,Colony, United Kingdom ,37562,4, small_island ,1,  ,  ,  ,  ,  ,  ,  ,  ,  ,  ,1,,,,,,
 British Guyana ,687,ENG,Occupied, United Kingdom ,309377,2, pastoral ,1,  ,  ,  ,  ,64,  ,  ,  ,  ,  ,1,,76.8,,,,
 British Honduras ,311,ENG,Occupied, United Kingdom ,51062,4, pastoral ,1,  ,  ,  ,  ,  ,  ,  ,  ,  ,  ,1,,,,,,
 British Somaliland ,269,ENG,Occupied, United Kingdom ,345121,3, enclave ,0,  ,  ,  ,  ,  ,  ,  ,  ,  ,  ,1,,,,,,
 Cairo ,446,ENG,Occupied, United Kingdom ,6594636,5, town ,4,  ,  ,1,  ,  ,  ,  ,  ,  ,5,2,,,,,,
 Ceylon ,422,ENG,Occupied, United Kingdom ,5506714,3, rural ,2,  ,  ,1,  ,  ,60,  ,  ,  ,3,8,,,78,,,
 Christmas Island ,711,ENG,Colony, United Kingdom ,1627,3, tiny_island ,0,  ,  ,  ,  ,  ,  ,  ,  ,  ,  ,1,,,,,,
 Cocos Islands ,712,ENG,Colony, United Kingdom ,42,3, tiny_island ,0,  ,  ,  ,  ,  ,  ,  ,  ,  ,  ,1,,,,,,
 Cyprus ,183,ENG,Occupied, United Kingdom ,348384,4, rural ,2,  ,  ,  ,  ,  ,  ,  ,  ,3,1,2,,,,,,4.2
 Diego Garcia ,710,ENG,Colony, United Kingdom ,2150,3, tiny_island ,0,  ,  ,  ,  ,  ,  ,  ,  ,  ,  ,1,,,,,,
 East Anglia ,125,ENG,Core, United Kingdom ,1364838,7, city ,6,1,  ,3,  ,  ,  ,  ,  ,  ,10,3,,,,,,
 East Midlands ,129,ENG,Core, United Kingdom ,2214721,8, city ,6,2,  ,1,  ,  ,  ,  ,11,  ,5, ,,,,,19.8,
 Eastern Desert ,457,ENG,Occupied, United Kingdom ,2197,1, wasteland ,0,  ,  ,  ,  ,  ,  ,  ,  ,  ,  , ,,,,,,
 Ellice Islands ,643,ENG,Occupied, United Kingdom ,494,3, small_island ,1,  ,  ,  ,  ,  ,  ,  ,  ,  ,  ,2,,,,,,
 Falkland Islands ,299,ENG,Colony, United Kingdom ,2466,2, enclave ,0,  ,  ,  ,  ,  ,  ,  ,  ,  ,  ,1,,,,,,
 Fiji ,636,ENG,Occupied, United Kingdom ,180220,3, small_island ,1,  ,  ,  ,  ,  ,  ,  ,  ,  ,  ,1,,,,,,
 Gambia ,701,ENG,Occupied, United Kingdom ,199764,3, enclave ,0,  ,  ,  ,  ,  ,  ,  ,  ,  ,  ,1,,,,,,
 Ghana ,274,ENG,Occupied, United Kingdom ,3167462,3, rural ,2,  ,  ,  ,  ,  ,  ,  ,  ,  ,  ,2,,,,,,
 Gibraltar ,118,ENG,Colony, United Kingdom ,21398,6, enclave ,0,  ,  ,  ,  ,  ,  ,  ,  ,  ,2,5,,,,,,
 Gilbert Islands ,639,ENG,Occupied, United Kingdom ,1036,3, small_island ,1,  ,  ,  ,  ,  ,  ,  ,  ,  ,  ,4,,,,,,
 Gloucestershire ,338,ENG,Core, United Kingdom ,1802813,7, city ,6,1,  ,1,  ,  ,  ,  ,9,  ,2,2,,,,,15.3,
 Greater London Area ,126,ENG,Core, United Kingdom ,9836289,9, megalopolis ,12,3,1,3,  ,  ,  ,  ,  ,  ,10,10,,,,,,
 Hong Kong ,326,ENG,Occupied, United Kingdom ,1144912,5, large_town ,5,  ,  ,  ,  ,  ,  ,  ,  ,  ,1,6,,,,,,
 Jamaica ,689,ENG,Occupied, United Kingdom ,1076312,4, town ,4,  ,  ,  ,  ,  ,  ,  ,  ,  ,  ,1,,,,,,
 Jordan ,455,ENG,Occupied, United Kingdom ,933138,3, rural ,2,  ,  ,1,  ,  ,  ,  ,  ,  ,  , ,,,,,,
 Kenya ,547,ENG,Occupied, United Kingdom ,3396141,3, rural ,2,  ,  ,1,  ,  ,  ,  ,  ,  ,  ,2,,,,,,
 Khartoum ,551,ENG,Occupied, United Kingdom ,1995940,2, rural ,2,  ,  ,1,  ,  ,  ,  ,  ,  ,2,3,,,,,,
 Kuwait ,656,ENG,Occupied, United Kingdom ,80098,4, rural ,2,  ,  ,  ,  ,  ,  ,  ,  ,  ,  ,4,,,,,,
 Labrador ,332,ENG,Occupied, United Kingdom ,22206,1, wasteland ,0,  ,  ,  ,  ,  ,  ,  ,  ,  ,  ,1,,,,,,
 Lanark ,133,ENG,Core, United Kingdom ,2260479,7, city ,6,  ,4,1,  ,  ,  ,  ,21,  ,3,2,,,,,35.7,
 Lancashire ,132,ENG,Core, United Kingdom ,5777498,8, metropolis ,10,1,3,1,  ,2,  ,  ,31,  ,3,5,,3.6,,,55.8,
 Leeward Islands ,308,ENG,Occupied, United Kingdom ,25709,4, tiny_island ,0,  ,  ,  ,  ,  ,  ,  ,  ,  ,  ,2,,,,,,
 Lothian ,121,ENG,Core, United Kingdom ,1433372,7, city ,6,  ,1,1,  ,  ,  ,  ,  ,  ,3,5,,,,,,
 Malawi ,770,ENG,Occupied, United Kingdom ,1605933,3, pastoral ,1,  ,  ,  ,  ,  ,  ,  ,  ,  ,  , ,,,,,,
 Maldives ,281,ENG,Occupied, United Kingdom ,79397,3, enclave ,0,  ,  ,  ,  ,  ,  ,  ,  ,  ,  ,1,,,,,,
 Malta ,116,ENG,Occupied, United Kingdom ,241916,3, small_island ,1,  ,  ,  ,  ,  ,  ,  ,  ,  ,3,3,,,,,,
 Matrouh ,452,ENG,Occupied, United Kingdom ,52620,3, wasteland ,0,  ,  ,  ,  ,  ,  ,  ,  ,  ,  , ,,,,,,
 Mauritius ,707,ENG,Colony, United Kingdom ,404952,3, small_island ,1,  ,  ,  ,  ,  ,  ,  ,  ,  ,  ,1,,,,,,
 Nauru ,725,ENG,Occupied, United Kingdom ,5792,3, tiny_island ,0,  ,  ,  ,  ,  ,  ,  ,  ,  ,  ,1,,,,,,
 Newfoundland ,331,ENG,Occupied, United Kingdom ,255371,3, rural ,2,  ,  ,1,  ,  ,  ,  ,  ,  ,  ,1,,,,,,
 Nigeria ,558,ENG,Occupied, United Kingdom ,19781117,3, rural ,2,0,  ,1,  ,  ,2,  ,  ,  ,  ,3,,,2.6,,,
 North Darfur ,767,ENG,Colony, United Kingdom ,8153,0, wasteland ,0,  ,  ,  ,  ,  ,  ,  ,  ,  ,  , ,,,,,,
 Northern Bahamas ,690,ENG,Occupied, United Kingdom ,40049,4, tiny_island ,0,  ,  ,  ,  ,  ,  ,  ,  ,  ,  ,3,,,,,,
 Northern England ,131,ENG,Core, United Kingdom ,2131459,6, city ,6,  ,4,1,  ,5,  ,  ,38,  ,6,7,,8,,,60.8,
 Northern Ireland ,119,ENG,Core, United Kingdom ,1200000,6, city ,6,1,2,2,  ,2,  ,  ,  ,  ,1,4,,3.2,,,,
 Palestine ,454,ENG,Occupied, United Kingdom ,934281,5, rural ,2,  ,  ,1,  ,  ,  ,  ,  ,  ,2,3,,,,,,
 Pitcairn Island ,270,ENG,Colony, United Kingdom ,40,1, enclave ,0,  ,  ,  ,  ,  ,  ,  ,  ,  ,  ,1,,,,,,
 Qatar ,765,ENG,Occupied, United Kingdom ,51663,2, pastoral ,1,  ,  ,  ,  ,  ,  ,  ,  ,  ,  ,2,,,,,,
 Rhodesia ,545,ENG,Occupied, United Kingdom ,1172766,3, pastoral ,1,  ,  ,  ,  ,  ,  ,  ,  ,  ,  , ,,,,,,
 Saint Helena ,704,ENG,Colony, United Kingdom ,2488,1, tiny_island ,0,  ,  ,  ,  ,  ,  ,  ,  ,  ,  ,1,,,,,,
 Scottish Highlands ,120,ENG,Core, United Kingdom ,266198,4, rural ,2,  ,  ,1,  ,9,  ,16,  ,1,1,9,,12.6,,22.4,,1.4
 Seychelles ,709,ENG,Colony, United Kingdom ,126858,3, small_island ,1,  ,  ,  ,  ,  ,  ,  ,  ,  ,  ,1,,,,,,
 Sierra Leone ,700,ENG,Occupied, United Kingdom ,1770659,3, pastoral ,1,  ,  ,  ,  ,  ,  ,  ,  ,  ,  ,3,,,,,,
 Sinai ,453,ENG,Occupied, United Kingdom ,15378,2, wasteland ,0,  ,  ,  ,  ,  ,  ,  ,  ,  ,  , ,,,,,,
 South Georgia ,720,ENG,Colony, United Kingdom ,30,1, tiny_island ,0,  ,  ,  ,  ,  ,  ,  ,  ,  ,  ,1,,,,,,
 South-West England ,123,ENG,Core, United Kingdom ,1222503,7, town ,4,  ,  ,1,  ,  ,  ,  ,  ,  ,6,8,,,,,,
 Southern Bahamas ,693,ENG,Occupied, United Kingdom ,15018,4, tiny_island ,0,  ,  ,  ,  ,  ,  ,  ,  ,  ,  ,2,,,,,,
 Sudan ,549,ENG,Occupied, United Kingdom ,3698803,3, rural ,2,  ,  ,  ,  ,  ,  ,  ,  ,  ,  , ,,,,,,
 Sussex ,127,ENG,Core, United Kingdom ,3197281,8, large_city ,8,1,2,1,  ,  ,  ,  ,  ,  ,10,16,,,,,,
 Tanganyika ,546,ENG,Occupied, United Kingdom ,5305469,3, rural ,2,  ,  ,  ,  ,  ,2,  ,  ,  ,  ,2,,,2.6,,,
 Trinidad ,691,ENG,Occupied, United Kingdom ,413623,3, rural ,2,  ,  ,  ,12,  ,  ,  ,  ,  ,  ,1,15.6,,,,,
 Uganda ,548,ENG,Occupied, United Kingdom ,3519917,3, rural ,2,  ,  ,  ,  ,  ,3,  ,  ,  ,  , ,,,3.9,,,
 Wales ,122,ENG,Core, United Kingdom ,2312049,5, city ,6,  ,  ,1,  ,3,  ,  ,11,  ,  ,3,,4.5,,,16.5,
 West Midlands ,128,ENG,Core, United Kingdom ,3689734,8, metropolis ,10,2,  ,3,  ,  ,  ,  ,27,  ,6, ,,,,,48.6,
 Western Desert ,552,ENG,Colony, United Kingdom ,18562,0, wasteland ,0,  ,  ,  ,  ,  ,  ,  ,  ,  ,  , ,,,,,,
 Windward Islands ,692,ENG,Occupied, United Kingdom ,76578,4, small_island ,1,  ,  ,  ,  ,  ,  ,  ,  ,  ,  ,1,,,,,,
 Yorkshire ,130,ENG,Core, United Kingdom ,4768309,7, metropolis ,10,2,  ,3,  ,  ,  ,  ,71,  ,10,5,,,,,120.7,
 Zambia ,771,ENG,Occupied, United Kingdom ,1381774,3, rural ,2,  ,  ,  ,  ,  ,  ,8,  ,35,  , ,,,,10.4,,45.5
 Alabama ,367,USA,Core, United States ,2649477,5, city ,6,  ,  ,3,  ,  ,  ,  ,  ,  ,  ,3,,,,,,
 Alaska ,463,USA,Colony, United States ,67582,2, rural ,2,  ,  ,  ,  ,  ,  ,  ,  ,  ,1,1,,,,,,
 Arizona ,377,USA,Core, United States ,436104,4, rural ,2,  ,  ,1,5,8,  ,  ,20,  ,2, ,7,11.2,,,28,
 Arkansas ,372,USA,Core, United States ,1856745,4, town ,4,  ,  ,2,  ,14,  ,  ,  ,  ,  , ,,19.6,,,,
 Attu Island ,650,USA,Colony, United States ,20,1, tiny_island ,0,  ,  ,  ,  ,  ,  ,  ,  ,  ,  ,1,,,,,,
 California ,378,USA,Core, United States ,5684178,6, metropolis ,10,2,2,6,180,8,  ,  ,  ,  ,10,20,288,12.8,,,,
 Colorado ,382,USA,Core, United States ,1037054,4, town ,4,  ,  ,1,14,  ,  ,  ,  ,  ,  , ,19.6,,,,,
 Florida ,366,USA,Core, United States ,1470002,4, city ,6,  ,  ,3,  ,  ,  ,  ,  ,  ,8,11,,,,,,
 Georgia ,365,USA,Core, United States ,2912054,6, city ,6,  ,  ,3,  ,  ,  ,  ,  ,  ,2,1,,,,,,
 Guam ,638,USA,Occupied, United States ,75245,5, small_island ,1,  ,  ,  ,  ,  ,  ,  ,  ,  ,  ,1,,,,,,
 Hawaii ,629,USA,Occupied, United States ,368786,3, town ,4,  ,  ,  ,  ,  ,  ,  ,  ,  ,5,10,,,,,,
 Idaho ,387,USA,Core, United States ,445574,4, rural ,2,  ,  ,  ,  ,  ,  ,18,18,1,  , ,,,,25.2,25.2,1.4
 Illinois ,395,USA,Core, United States ,7639966,7, megalopolis ,12,1,  ,11,  ,  ,  ,  ,  ,  ,3, ,,,,,,
 Indiana ,396,USA,Core, United States ,3242454,6, large_city ,8,  ,  ,5,  ,  ,  ,  ,  ,  ,  , ,,,,,,
 Iowa ,392,USA,Core, United States ,2473954,6, city ,6,  ,  ,4,  ,  ,  ,  ,  ,  ,  , ,,,,,,
 Johnston Atoll ,630,USA,Occupied, United States ,100,1, tiny_island ,0,  ,  ,  ,  ,  ,  ,  ,  ,  ,  ,1,,,,,,
 Kansas ,383,USA,Core, United States ,1883294,4, city ,6,1,  ,1,30,  ,  ,  ,  ,  ,  , ,42,,,,,
 Kentucky ,369,USA,Core, United States ,2617780,5, city ,6,  ,  ,3,  ,  ,  ,  ,  ,  ,4, ,,,,,,
 Line Islands ,727,USA,Occupied, United States ,5374,1, small_island ,1,  ,  ,  ,  ,  ,  ,  ,  ,  ,  ,3,,,,,,
 Louisiana ,371,USA,Core, United States ,2104157,5, city ,6,  ,  ,2,44,  ,  ,  ,  ,  ,5,5,66,,,,,
 Maryland ,361,USA,Core, United States ,2120980,7, city ,6,  ,1,5,  ,  ,  ,  ,  ,  ,6,3,,,,,,
 Michigan ,393,USA,Core, United States ,4848234,6, metropolis ,10,1,  ,6,6,  ,  ,  ,60,  ,4, ,9.6,,,,96,
 Midway Island ,631,USA,Occupied, United States ,2162,3, tiny_island ,0,  ,  ,  ,  ,  ,  ,  ,  ,  ,  ,1,,,,,,
 Minnesota ,391,USA,Core, United States ,2567082,6, city ,6,  ,  ,3,  ,  ,  ,  ,110,  ,  , ,,,,,176,
 Mississippi ,370,USA,Core, United States ,2012273,4, city ,6,  ,  ,1,  ,  ,  ,  ,  ,  ,3,4,,,,,,
 Missouri ,373,USA,Core, United States ,3633795,5, large_city ,8,  ,  ,5,  ,12,  ,  ,  ,  ,  , ,,18,,,,
 Montana ,388,USA,Core, United States ,538261,4, rural ,2,  ,  ,  ,  ,  ,  ,11,  ,  ,  , ,,,,15.4,,
 Nebraska ,384,USA,Core, United States ,1379644,4, large_town ,5,  ,  ,1,  ,  ,  ,  ,  ,  ,  , ,,,,,,
 Nevada ,379,USA,Core, United States ,91168,4, rural ,2,  ,  ,  ,  ,25,  ,32,70,  ,  , ,,35,,44.8,98,
 New England ,357,USA,Core, United States ,8414973,7, metropolis ,10,1,4,5,  ,  ,  ,  ,12,  ,10,11,,,,,20.4,
 New Jersey ,359,USA,Core, United States ,4046265,7, large_city ,8,  ,  ,7,  ,  ,  ,  ,  ,  ,4, ,,,,,,
 New Mexico ,376,USA,Core, United States ,423833,4, rural ,2,  ,  ,1,14,30,  ,  ,  ,  ,  , ,19.6,42,,,,
 New York ,358,USA,Core, United States ,12603427,8, megalopolis ,12,2,3,7,  ,  ,  ,  ,13,  ,10,6,,,,,23.4,
 North Carolina ,363,USA,Core, United States ,3174144,6, city ,6,  ,  ,3,  ,  ,  ,  ,  ,  ,3,1,,,,,,
 North Dakota ,389,USA,Core, United States ,681675,4, rural ,2,  ,  ,1,7,  ,  ,  ,17,  ,  , ,9.8,,,,23.8,
 Ohio ,261,USA,Core, United States ,6654808,7, metropolis ,10,1,  ,6,  ,9,  ,  ,28,  ,  , ,,15.3,,,47.6,
 Oklahoma ,374,USA,Core, United States ,2398964,4, city ,6,  ,  ,2,60,20,  ,  ,  ,  ,2, ,84,28,,,,
 Oregon ,385,USA,Core, United States ,954949,5, town ,4,  ,  ,1,  ,  ,  ,  ,  ,  ,6,3,,,,,,
 Panamá Canal ,685,USA,Occupied, United States ,39515,4, enclave ,0,  ,  ,  ,  ,  ,  ,  ,  ,  ,6,3,,,,,,
 Pennsylvania ,360,USA,Core, United States ,9643103,8, megalopolis ,12,  ,7,5,  ,  ,  ,  ,44,  ,2,8,,,,,79.2,
 Phoenix Island ,642,USA,Occupied, United States ,24,3, tiny_island ,0,  ,  ,  ,  ,  ,  ,  ,  ,  ,  ,1,,,,,,
 Puerto Rico ,686,USA,Occupied, United States ,1545798,4, rural ,2,  ,  ,1,  ,  ,  ,  ,  ,  ,4,3,,,,,,
 South Carolina ,364,USA,Core, United States ,1740887,5, city ,6,  ,  ,2,  ,  ,  ,  ,  ,  ,  ,2,,,,,,
 South Dakota ,390,USA,Core, United States ,693695,4, rural ,2,  ,  ,1,  ,  ,  ,  ,  ,  ,  , ,,,,,,
 Tennessee ,368,USA,Core, United States ,2619749,5, city ,6,  ,  ,3,  ,  ,  ,  ,60,  ,  , ,,,,,90,
 Texas ,375,USA,Core, United States ,5831822,6, metropolis ,10,  ,  ,9,320,50,  ,  ,  ,  ,3,4,512,80,,,,
 Utah ,380,USA,Core, United States ,508466,4, rural ,2,  ,  ,1,  ,  ,  ,76,  ,  ,  , ,,,,106.4,,
 Virginia ,362,USA,Core, United States ,4156121,6, large_city ,8,  ,4,3,  ,  ,  ,  ,  ,  ,10,10,,,,,,
 Wake Island ,632,USA,Occupied, United States ,150,3, tiny_island ,0,  ,  ,  ,  ,  ,  ,  ,  ,  ,  ,1,,,,,,
 Washington ,386,USA,Core, United States ,1565303,6, large_town ,5,1,1,1,  ,  ,  ,  ,  ,  ,5,3,,,,,,
 Wisconsin ,394,USA,Core, United States ,2942592,6, city ,6,  ,  ,3,  ,  ,  ,  ,53,  ,  , ,,,,,84.8,
 Wyoming ,381,USA,Core, United States ,225839,3, rural ,2,  ,  ,  ,  ,  ,  ,  ,  ,  ,  , ,,,,,,
 Uruguay ,300,URG,Core, Uruguay ,1736117,5, large_city ,8,1,1,6,1,  ,  ,  ,1,  ,1,6,1.5,,,,1.5,
 Bolivar ,488,VEN,Core, Venezuela ,245942,1, pastoral ,1,  ,  ,  ,  ,  ,  ,  ,  ,  ,  , ,,,,,,
 Miranda ,307,VEN,Core, Venezuela ,1336640,4, city ,6,1,  ,5,41,  ,  ,  ,  ,  ,2,5,57.4,,,,,
 Zulia ,489,VEN,Core, Venezuela ,1578297,4, town ,4,  ,  ,2,35,  ,  ,  ,  ,  ,  ,5,49,,,,,
 Gannan ,753,XSM,Core, Xibei San Ma ,3003662,3, rural ,2,  ,  ,  ,  ,  ,  ,  ,  ,  ,  , ,,,,,,
 Gansu ,283,XSM,Core, Xibei San Ma ,3709923,3, rural ,2,  ,  ,1,  ,  ,  ,1,  ,  ,  , ,,,,1.3,,
 Golog ,754,XSM,Core, Xibei San Ma ,400488,1, rural ,2,1,  ,1,  ,  ,  ,  ,  ,  ,  , ,,,,,,
 Haixi ,755,XSM,Core, Xibei San Ma ,1001221,1, pastoral ,1,  ,  ,1,  ,  ,  ,  ,  ,  ,  , ,,,,,,
 Jiuquan ,756,XSM,Core, Xibei San Ma ,1001221,1, wasteland ,0,  ,  ,  ,  ,  ,  ,  ,  ,  ,  , ,,,,,,
 Ningxia ,616,XSM,Core, Xibei San Ma ,2080136,2, pastoral ,1,  ,  ,  ,  ,  ,  ,  ,  ,  ,  , ,,,,,,
 Qinghai ,604,XSM,Core, Xibei San Ma ,1197560,1, rural ,2,  ,  ,2,  ,  ,  ,  ,  ,  ,  , ,,,,,,
 Yemen ,293,YEM,Core, Yemen ,2492539,3, rural ,2,1,  ,1,1,  ,  ,  ,  ,  ,  ,1,1.3,,,,,
 Bosnia ,104,YUG,Core, Yugoslavia ,1912532,5, town ,4,  ,  ,2,  ,7,  ,  ,  ,  ,2, ,,10.5,,,,
 Croatia ,109,YUG,Core, Yugoslavia ,2227115,6, large_town ,5,  ,  ,3,  ,  ,  ,  ,  ,  ,  , ,,,,,,
 Dalmatia ,103,YUG,Core, Yugoslavia ,1433448,5, large_town ,5,  ,1,3,  ,  ,  ,  ,  ,  ,  ,4,,,,,,
 Herzegovina ,804,YUG,Core, Yugoslavia ,547868,3, town ,4,  ,  ,  ,  ,7,  ,  ,  ,  ,  , ,,9.1,,,,
 Kosovo ,802,YUG,Core, Yugoslavia ,616752,2, pastoral ,1,  ,  ,  ,  ,  ,  ,  ,  ,  ,  , ,,,,,,
 Macedonia ,106,YUG,Core, Yugoslavia ,1375877,4, rural ,2,  ,  ,1,  ,16,  ,  ,  ,70,2, ,,22.4,,,,98
 Montenegro ,105,YUG,Core, Yugoslavia ,896593,3, rural ,2,  ,  ,1,  ,70,  ,  ,  ,20,  ,1,,91,,,,26
 Morava ,108,YUG,Core, Yugoslavia ,707863,4, town ,4,  ,  ,  ,  ,  ,  ,  ,3,  ,  , ,,,,,4.2,
 Serbia ,107,YUG,Core, Yugoslavia ,1280682,6, large_city ,8,3,  ,4,  ,  ,  ,  ,  ,  ,5, ,,,,,,
 Slovenia ,102,YUG,Core, Yugoslavia ,1145697,6, large_town ,5,  ,  ,  ,  ,  ,  ,  ,  ,  ,  , ,,,,,,
 Southern Serbia ,803,YUG,Core, Yugoslavia ,210256,4, pastoral ,1,  ,  ,  ,  ,  ,  ,  ,  ,  ,  , ,,,,,,
 Vojvodina ,45,YUG,Core, Yugoslavia ,839645,6, town ,4,  ,  ,  ,  ,  ,  ,  ,  ,  ,  , ,,,,,,
 West Banat ,764,YUG,Core, Yugoslavia ,586294,6, rural ,2,  ,  ,  ,  ,  ,  ,  ,  ,  ,  , ,,,,,,
 Dali ,747,YUN,Core, Yunnan ,1001221,3, pastoral ,1,  ,  ,  ,  ,  ,  ,  ,  ,  ,  , ,,,,,,
 Yunnan ,325,YUN,Core, Yunnan ,11007921,3, town ,4,1,  ,3,  ,  ,  ,2,  ,  ,  , ,,,,2.6,,
